Region,Nationality,2001 Q1,2001 Q2,2001 Q3,2001 Q4,2002 Q1,2002 Q2,2002 Q3,2002 Q4,2003 Q1,2003 Q2,2003 Q3,2003 Q4,2004 Q1,2004 Q2,2004 Q3,2004 Q4,2005 Q1,2005 Q2,2005 Q3,2005 Q4,2006 Q1,2006 Q2,2006 Q3,2006 Q4,2007 Q1,2007 Q2,2007 Q3,2007 Q4,2008 Q1,2008 Q2,2008 Q3,2008 Q4,2009 Q1,2009 Q2,2009 Q3,2009 Q4,2010 Q1,2010 Q2,2010 Q3,2010 Q4,2011 Q1,2011 Q2,2011 Q3,2011 Q4,2012 Q1,2012 Q2,2012 Q3,2012 Q4,2013 Q1,2013 Q2,2013 Q3,2013 Q4,2014 Q1,2014 Q2,2014 Q3,2014 Q4,2015 Q1,2015 Q2,2015 Q3,2015 Q4,2016 Q1,2016 Q2,2016 Q3,2016 Q4,2017 Q1,2017 Q2,2017 Q3,2017 Q4,2018 Q1,2018 Q2,2018 Q3,2018 Q4,2019 Q1,2019 Q2,2019 Q3,2019 Q4,2020 Q1,2020 Q2,2020 Q3,2020 Q4,2021 Q1,2021 Q2,2021 Q3,2021 Q4,2022 Q1,2022 Q2,2022 Q3,2022 Q4,2023 Q1,2023 Q2
Africa North,Algeria,339,288,318,195,314,362,290,334,251,128,209,142,171,158,159,124,100,55,84,73,79,65,65,51,76,70,93,66,109,94,84,96,80,60,71,54,73,81,56,91,108,101,84,68,79,65,61,91,65,53,49,37,48,43,53,30,45,44,41,36,47,49,58,49,52,41,70,59,74,73,76,73,64,68,49,66,54,41,29,39,32,42,70,116,71,89,160,180,175,164
Africa North,Egypt,11,11,12,15,30,22,34,23,15,26,26,16,23,26,41,25,16,23,13,19,11,10,3,11,5,18,22,17,20,17,18,15,32,10,15,23,31,35,33,36,38,59,65,83,80,49,57,74,66,85,92,69,113,71,88,66,118,70,115,88,72,98,174,147,136,94,130,86,103,97,103,90,84,62,104,112,89,52,118,91,76,95,168,272,166,331,673,518,263,417
Africa North,Libya,41,26,32,42,35,47,85,78,87,29,52,52,36,30,61,58,50,43,44,46,29,39,21,39,16,11,9,19,18,20,16,19,14,26,20,42,33,23,29,38,128,592,371,113,103,102,111,96,146,88,112,151,89,88,313,243,300,229,212,212,179,120,187,117,274,103,260,311,311,242,262,318,294,244,160,186,193,95,152,165,130,97,139,105,144,180,214,199,145,137
Africa North,Mauritania,2,3,1,,,2,1,1,,,,4,1,8,3,,3,2,2,1,1,,,1,2,1,1,1,,1,1,2,1,,2,,1,,2,,,1,,1,3,1,2,,1,1,3,,2,1,,,,1,,,1,,,,,,,,,,,4,,1,,,1,,5,1,1,1,2,,,1,,4,6,1
Africa North,Morocco,8,7,5,8,10,12,11,5,10,3,6,8,10,6,11,9,12,8,11,5,7,5,14,7,5,2,6,5,12,14,2,11,19,13,18,16,7,11,12,17,28,23,18,21,17,11,16,13,31,17,11,13,17,18,14,19,23,27,22,12,20,25,29,29,30,28,22,42,25,36,25,33,45,31,32,54,53,43,34,39,20,33,43,43,59,50,69,77,73,111
Africa North,Sudan,116,61,128,84,99,129,243,298,115,164,361,411,283,330,396,436,292,235,291,173,212,193,202,145,126,90,99,95,54,76,84,76,71,37,74,71,126,154,191,172,212,192,182,207,188,170,161,221,171,197,221,245,237,378,525,475,364,547,1555,552,225,305,367,548,330,494,536,482,391,389,543,463,511,379,519,376,390,255,1095,443,230,645,829,715,599,758,1140,900,380,907
Africa North,Tunisia,9,7,8,6,1,5,3,4,6,1,2,10,8,7,3,10,6,3,8,4,6,6,3,6,2,3,3,4,1,5,5,6,5,7,5,11,5,3,8,6,13,14,6,6,6,7,11,5,8,14,12,12,7,24,5,4,10,8,9,8,12,9,17,11,9,6,8,18,14,9,10,18,11,6,9,13,12,6,10,7,7,12,10,18,13,21,30,82,94,80
Africa North,Western Sahara,4,1,1,1,1,,1,2,,2,,,,,1,1,3,2,,2,1,2,,2,1,,2,2,3,1,1,2,1,3,2,,2,,3,6,1,1,,,1,1,2,3,2,3,,1,,,2,,1,1,,,,1,1,,1,,2,,,2,,1,1,,,1,,,,,1,,1,1,,1,2,1,,8
Africa Sub-Saharan,Angola,258,218,249,292,508,458,438,444,406,214,286,248,224,120,88,116,92,40,32,25,19,31,33,30,26,22,28,36,35,34,9,20,15,11,16,16,13,22,23,13,12,5,5,14,13,10,11,10,18,19,8,9,11,10,11,11,21,10,19,22,10,15,18,14,13,20,11,12,12,18,17,20,29,26,27,21,28,2,15,8,14,3,8,3,7,10,19,12,20,25
Africa Sub-Saharan,Benin,1,4,5,1,4,3,5,,2,4,3,1,1,3,3,4,7,2,4,2,3,2,3,,3,2,1,,1,1,,,2,3,,1,7,,3,,2,,2,,1,1,,5,,3,,,1,2,,1,,,,1,1,3,2,4,2,1,,6,,2,3,3,3,,2,,5,5,3,4,4,3,1,2,3,5,3,2,2,3
Africa Sub-Saharan,Burkina Faso,1,3,3,2,7,4,4,1,3,2,2,2,3,3,4,1,3,6,1,1,1,,,,2,,1,,1,1,1,,,,1,1,2,1,,1,,1,,,4,1,1,2,,1,1,,,,,,,,2,,,3,2,4,1,2,2,,,2,1,,4,1,3,4,1,,2,1,,,1,,1,1,17,6,2,
Africa Sub-Saharan,Burundi,164,142,151,152,183,177,221,243,244,182,199,153,111,76,54,76,42,24,35,10,7,15,15,7,10,4,6,4,3,5,10,,2,6,11,5,4,3,3,3,4,1,1,1,1,3,1,1,2,1,1,,4,,,1,1,8,1,12,5,8,3,2,3,6,10,1,10,4,,2,2,1,2,3,3,3,2,,,,,9,1,2,8,10,3,4
Africa Sub-Saharan,Cameroon,100,50,99,131,158,133,162,197,199,107,97,127,95,82,96,112,83,67,90,67,76,60,61,91,63,40,41,31,39,34,31,25,29,22,17,35,29,14,21,30,26,8,30,38,27,27,31,39,34,29,31,33,40,23,43,42,55,28,35,33,38,55,57,38,54,68,44,78,55,74,44,62,93,64,57,50,45,27,30,37,36,17,29,45,88,61,54,87,46,38
Africa Sub-Saharan,Chad,16,4,2,7,4,8,9,9,6,6,9,9,2,4,6,5,5,3,6,2,3,9,4,3,3,,5,2,5,2,9,2,2,4,2,2,2,1,2,6,2,1,4,2,2,2,1,5,3,3,8,7,1,3,4,1,12,7,10,2,1,,,2,2,,2,1,12,6,6,10,15,14,24,23,30,13,74,22,4,15,34,119,52,53,63,57,32,23
Africa Sub-Saharan,Comoros,1,,,,1,1,1,,1,2,,,,,,,,1,,,,,,,,,,,,,,,,,,,,,,,,,,,,,5,1,,,3,,,,,,,,1,,4,,5,,2,,,3,,,,,,,1,,,1,,,,,,,,,,,,
Africa Sub-Saharan,Congo,137,116,122,166,190,161,193,174,149,71,83,86,55,35,35,36,36,11,13,12,12,13,12,12,13,9,4,10,6,9,8,5,11,7,15,9,8,9,10,4,1,7,9,4,5,6,12,6,8,9,11,9,6,6,7,6,3,4,5,10,8,7,8,12,8,4,4,12,5,9,2,6,8,4,12,7,11,4,2,6,2,,,13,22,18,14,11,17,15
Africa Sub-Saharan,Congo (Democratic Republic),305,307,325,431,666,547,703,832,557,365,523,474,494,355,441,536,443,284,353,308,240,176,163,130,151,121,75,110,120,106,79,95,94,49,61,51,49,50,70,56,68,34,61,50,84,64,54,63,64,48,56,69,88,44,60,55,75,45,60,52,51,49,60,49,52,37,68,53,80,64,35,30,49,24,27,23,20,8,6,17,7,4,6,26,24,44,35,66,38,14
Africa Sub-Saharan,Equatorial Guinea,1,2,,,,,1,2,,,7,3,1,,,3,,4,,,,,,1,,,,,1,,,,1,,,,,,,,,,1,,,,,2,,,,,3,1,,,,1,,,,,1,1,,,,,,,,,1,,,,1,1,,1,5,,,,,,,,,
Africa Sub-Saharan,Eritrea,133,113,221,154,207,268,433,409,274,200,344,253,168,136,507,452,293,294,683,630,778,570,763,626,361,281,585,678,474,512,620,727,499,288,399,222,141,189,236,206,162,230,267,168,161,150,237,220,205,206,431,589,389,752,1243,907,707,766,1392,891,295,245,282,443,218,246,252,411,317,591,644,656,585,409,500,443,567,356,985,733,435,1111,2493,1040,921,829,962,807,434,907
Africa Sub-Saharan,Eswatini,1,,,,,,,3,5,,1,1,,1,1,,,2,1,,1,3,1,5,1,1,1,3,7,4,7,4,1,1,2,2,,,1,2,1,2,1,,,1,2,3,3,1,2,2,7,6,9,7,5,9,4,6,3,2,,,,1,1,1,,,,1,,1,,,3,,,,,,,,,,1,7,,
Africa Sub-Saharan,Ethiopia,135,128,208,140,110,160,231,252,156,126,200,199,129,116,199,140,99,91,130,107,99,52,39,26,19,13,36,24,38,17,46,47,36,29,26,20,23,25,27,29,36,20,34,37,24,38,43,48,37,36,44,55,48,64,68,87,102,271,255,141,93,63,54,152,57,78,126,208,114,158,122,132,124,69,82,71,56,48,165,73,69,160,415,229,171,201,306,218,89,126
Africa Sub-Saharan,Gabon,4,,,3,,,1,,1,,1,,,,,,,1,1,,,1,,,1,,,,,,,,,1,,,,,,,,,1,,,,1,,,,,1,,,,,,2,,,,,1,,1,5,,,2,1,,,,,,,1,,7,1,,,,,,,1,,,
Africa Sub-Saharan,"Gambia, The",16,16,15,20,22,26,37,45,16,36,19,30,24,30,28,29,33,36,23,18,46,36,25,30,41,28,33,36,45,56,55,56,85,107,81,128,110,118,112,115,133,79,103,94,101,119,121,114,104,82,80,103,85,75,70,53,81,47,75,54,65,54,51,48,26,18,28,20,27,21,26,21,22,16,22,39,39,28,34,30,31,14,22,31,25,26,21,20,24,23
Africa Sub-Saharan,Ghana,61,40,47,44,54,65,100,83,78,85,110,87,79,119,73,104,71,71,58,51,37,39,33,29,26,30,43,44,49,37,41,38,45,45,58,41,53,67,40,37,48,38,56,44,55,62,55,58,39,66,47,46,40,45,40,29,44,40,54,63,75,94,105,71,88,59,61,66,68,53,72,60,69,64,52,114,79,24,18,28,32,17,36,42,55,69,39,46,42,65
Africa Sub-Saharan,Guinea,18,21,26,38,46,57,74,61,36,52,65,77,79,76,71,103,56,33,41,42,49,35,56,54,58,24,21,25,23,22,21,21,37,23,34,40,31,28,13,32,10,25,10,20,18,14,7,19,31,22,21,8,10,11,9,9,9,5,7,12,13,8,15,6,5,11,9,10,13,10,13,9,12,11,23,28,9,10,17,17,8,4,17,18,24,20,13,16,14,25
Africa Sub-Saharan,Ivory Coast,92,65,65,55,46,38,38,211,227,101,55,54,47,59,85,103,75,63,45,53,65,63,38,34,56,33,14,18,33,20,20,16,14,16,15,14,10,7,20,11,63,65,20,23,18,17,14,29,20,24,22,18,18,13,9,9,14,12,7,12,5,9,19,7,19,7,11,12,9,8,11,25,16,5,10,10,12,8,12,10,6,6,6,13,9,14,7,13,,14
Africa Sub-Saharan,Kenya,77,79,68,83,123,83,93,131,102,75,45,44,52,56,46,22,29,28,39,22,32,31,28,28,32,27,39,31,71,46,42,17,24,35,43,28,37,41,52,19,40,42,27,26,29,27,33,27,25,16,23,21,25,15,17,18,27,21,30,27,34,30,25,25,23,18,16,45,41,42,33,50,47,36,43,34,52,58,35,18,27,17,17,19,31,48,28,35,34,21
Africa Sub-Saharan,Liberia,14,22,33,45,39,84,166,192,160,148,275,197,125,116,109,76,97,48,24,22,16,17,15,13,15,8,11,9,8,5,5,2,5,6,4,2,,6,6,3,2,2,3,11,1,1,2,1,1,3,7,,2,1,,3,1,,,2,2,1,1,2,1,,1,,1,,5,1,5,3,,3,5,1,5,5,1,,1,3,1,5,3,4,1,1
Africa Sub-Saharan,Malawi,14,8,7,16,20,27,20,39,47,29,46,56,49,43,50,57,38,35,41,54,30,11,14,24,18,24,22,18,44,33,47,50,70,67,54,41,43,83,83,54,58,42,52,44,54,33,40,50,58,42,30,52,44,42,32,26,33,32,35,24,26,45,33,10,25,23,18,18,12,15,15,4,24,1,10,12,13,4,12,1,,2,3,2,9,8,1,9,6,5
Africa Sub-Saharan,Mauritius,6,3,2,5,7,1,2,2,5,8,3,2,9,9,4,8,8,,5,3,14,2,7,1,12,6,4,6,11,2,6,19,7,4,3,6,20,26,9,20,23,5,25,14,24,18,17,16,8,15,19,12,18,13,9,10,9,18,14,31,14,16,21,25,32,14,19,15,12,18,14,18,18,15,22,25,19,7,5,2,4,1,2,21,11,19,30,45,45,55
Africa Sub-Saharan,Mozambique,1,2,,2,,1,1,2,,3,,6,,,1,2,,1,,2,,2,1,,,1,1,,,1,1,2,,3,4,,,1,1,,1,,1,,,,,1,,1,,,,,,,1,,1,,,1,1,,2,1,3,3,1,6,2,,1,1,,,,,1,,,1,1,,,,,1,,
Africa Sub-Saharan,Namibia,1,1,2,1,,3,2,3,,,1,1,,1,1,,1,1,,,5,2,3,2,,2,,1,2,3,4,3,2,8,6,6,3,8,5,5,2,3,6,5,3,12,4,3,8,2,3,5,12,6,9,4,9,8,8,4,17,5,7,17,12,17,32,57,75,164,40,62,74,144,153,192,122,43,21,88,33,24,11,115,135,217,229,446,455,540
Africa Sub-Saharan,Niger,3,3,2,1,4,4,1,,1,,3,3,1,2,2,2,1,,6,4,5,,3,2,2,,1,6,,3,2,,3,,,2,,,1,3,2,1,,,,1,,3,,1,3,1,1,1,2,,,1,,,,1,,1,,,,1,1,,1,,1,3,3,3,,1,5,,,1,3,13,1,,1,2,1,2
Africa Sub-Saharan,Nigeria,205,137,160,310,287,305,284,346,376,278,226,232,301,327,274,307,284,290,319,335,318,267,203,203,240,213,262,237,277,306,236,251,234,215,246,216,254,304,291,300,318,290,237,260,314,358,420,406,385,382,403,280,427,358,380,354,424,354,405,407,503,512,450,429,485,431,373,375,456,327,305,327,362,297,424,393,428,166,223,245,276,306,236,298,359,394,279,346,312,243
Africa Sub-Saharan,Rwanda,168,106,135,122,185,211,239,170,131,93,55,41,23,30,18,17,15,3,13,11,3,6,7,9,8,,5,9,3,4,9,13,7,13,3,8,9,4,4,7,8,8,8,9,7,3,6,2,5,5,11,4,2,2,8,3,7,1,3,,8,7,7,4,5,6,11,10,13,8,8,2,3,2,8,4,7,2,8,1,6,1,5,,3,9,7,16,8,5
Africa Sub-Saharan,Senegal,3,5,3,1,8,5,8,10,10,14,4,3,12,3,6,8,4,5,2,3,2,6,2,5,9,5,7,,5,,9,6,15,10,13,6,8,9,12,18,13,22,10,10,15,8,12,14,5,15,5,10,5,9,4,10,7,6,13,7,10,11,14,7,16,4,2,8,3,9,2,4,8,9,6,8,7,8,12,9,5,5,5,6,8,9,8,15,4,15
Africa Sub-Saharan,Seychelles,4,5,5,3,15,9,11,,6,,4,,3,6,1,,,4,1,,,,1,1,1,,,,2,1,,1,2,1,,3,,,,1,,,,1,,,,,5,,,,1,,,4,,,1,1,,4,4,,1,,,,,,,,1,5,,1,,,,,,,,,,,,,,
Africa Sub-Saharan,Sierra Leone,440,444,626,430,374,394,213,228,177,91,77,63,72,91,48,46,41,45,51,29,45,31,39,36,34,21,19,22,19,16,17,7,31,22,27,27,30,29,21,23,24,25,22,27,16,26,47,17,36,26,28,18,25,22,26,14,31,17,27,13,12,24,14,10,15,7,16,13,21,20,23,29,29,16,23,43,74,27,49,23,15,14,12,32,29,15,46,71,29,25
Africa Sub-Saharan,Somalia,1388,1440,2245,1346,1711,2015,3106,2593,2061,1197,2172,1764,1310,657,742,586,592,523,543,447,631,491,567,484,480,478,547,473,476,416,364,318,321,253,289,240,181,172,165,161,186,142,162,170,162,136,191,189,154,128,124,114,103,96,115,98,114,106,99,118,76,125,110,93,85,78,86,89,91,65,81,100,98,75,89,107,110,27,74,99,46,72,283,334,264,102,106,132,118,147
Africa Sub-Saharan,South Africa,31,27,34,39,65,46,57,120,121,72,76,54,76,69,74,23,46,30,45,41,28,38,26,32,37,42,39,35,34,43,50,71,88,80,57,41,50,41,44,42,43,20,24,15,21,36,19,27,20,19,15,6,21,19,24,17,31,15,25,15,16,36,7,19,24,25,27,18,36,24,22,25,23,20,29,30,31,13,11,12,13,8,6,10,15,15,9,21,20,20
Africa Sub-Saharan,Tanzania,30,22,15,13,13,8,16,11,14,11,8,3,3,12,2,5,4,5,11,9,4,3,8,3,15,13,4,4,8,9,10,6,13,6,16,11,9,7,8,5,13,16,10,17,8,10,7,15,12,10,11,13,9,15,5,6,12,8,3,26,15,8,7,9,6,15,13,14,19,13,10,26,21,6,20,9,12,4,4,12,5,4,3,4,6,8,18,22,13,13
Africa Sub-Saharan,Togo,28,21,29,21,20,26,28,24,24,12,29,23,26,21,12,15,35,21,6,8,9,5,8,4,6,5,10,6,5,4,2,1,7,3,2,2,4,4,7,2,2,4,,3,1,1,1,9,4,1,2,1,,1,,,2,4,2,,1,1,,1,1,,,4,1,2,1,4,2,,2,9,6,,9,1,2,,,4,5,,2,1,2,3
Africa Sub-Saharan,Uganda,99,99,117,166,191,178,160,259,235,195,181,163,161,115,90,80,73,65,50,42,65,42,45,38,36,45,35,36,37,37,28,56,49,36,41,60,62,72,65,91,87,81,52,97,60,80,69,81,60,52,60,58,66,87,65,54,45,68,76,92,86,65,36,37,34,29,24,41,43,42,49,49,45,27,20,43,46,25,30,27,24,16,8,22,56,53,34,75,47,53
Africa Sub-Saharan,Zambia,3,7,4,5,8,6,2,6,4,11,1,3,8,4,5,4,7,6,7,6,6,3,4,5,5,6,2,9,3,1,11,2,12,13,13,11,2,5,11,3,5,4,5,10,9,2,11,7,5,13,7,7,14,3,9,9,5,2,5,13,14,6,3,7,5,4,5,5,8,11,5,4,4,2,14,3,10,2,2,5,3,4,1,2,3,4,3,8,3,6
Africa Sub-Saharan,Zimbabwe,445,412,497,785,1743,1602,2321,3029,1324,981,865,848,700,610,653,559,282,232,351,527,984,495,372,296,459,498,612,833,941,948,1413,1173,3994,2094,752,771,618,603,393,341,320,158,122,157,120,107,138,160,129,107,102,88,110,80,78,88,117,76,77,83,102,80,74,63,81,74,44,61,59,24,44,44,83,59,61,55,49,26,26,26,22,16,12,8,15,24,29,43,17,26
America Central and South,Argentina,1,1,2,,5,,4,3,,1,,,,,,4,1,3,,,,,,,,,,,,1,,,,,,,,,,,1,1,,1,2,,1,1,,,,,1,,,,,,,,,4,,1,,,1,,,,2,,,5,1,1,6,2,4,3,3,1,1,2,5,5,4,4,2,1
America Central and South,Bolivia,10,6,14,9,31,17,13,49,73,38,16,8,9,9,4,7,5,4,11,11,5,6,7,2,1,4,5,15,17,5,7,8,1,5,5,3,8,12,6,4,18,15,7,8,2,2,3,8,3,,2,1,2,6,1,1,12,4,3,2,1,3,2,1,1,1,4,3,,5,5,11,5,15,7,10,1,3,4,2,1,,2,1,5,4,10,37,35,22
America Central and South,Brazil,8,10,9,8,7,21,5,31,16,11,8,8,10,9,14,7,3,7,7,8,1,6,2,4,13,11,6,7,10,7,11,16,6,3,8,14,12,15,15,7,7,8,10,21,7,2,2,13,7,7,6,4,4,8,3,6,3,8,8,4,10,11,11,10,3,12,7,12,21,10,14,25,30,51,62,65,80,10,36,73,34,35,27,50,98,143,209,264,315,369
America Central and South,Chile,3,1,,1,1,3,,,12,3,,5,,1,,4,4,,,,,,4,,1,,,,,,,,2,1,,,5,1,3,,1,1,1,,,,,1,,,1,,1,,1,,,,,,,1,1,,,1,,1,2,4,1,1,1,1,2,6,7,,,2,1,,,,4,,,2,5,2
America Central and South,Colombia,60,73,100,130,175,137,106,147,123,69,56,44,43,37,36,27,35,27,8,17,25,19,10,17,10,8,13,7,5,10,7,8,3,9,2,9,6,2,5,5,11,8,4,6,5,3,3,4,2,2,7,,2,1,2,2,4,3,,10,,,10,5,,3,1,3,7,7,4,1,3,11,12,6,5,2,5,3,4,3,1,,2,5,15,170,257,268
America Central and South,Cuba,6,3,4,2,4,5,19,4,3,6,10,4,7,2,3,4,5,3,4,4,6,3,4,1,8,5,1,4,2,,1,5,2,2,3,,4,10,1,2,3,,,2,5,,1,,,,,3,,,1,1,,3,,1,1,,1,,2,1,1,,,,1,1,,1,,7,4,2,4,3,,,,2,5,8,1,11,7,1
America Central and South,Dominican Republic,2,,,,1,2,,1,1,,3,1,,,1,,,,,,,,,,1,,1,,,1,,1,,,,1,,2,,1,,,,1,,,,,,,,,,,1,,,,,,,1,,,,1,2,,2,,1,,1,,,12,,,,1,,,,2,,1,2,,,3
America Central and South,Ecuador,57,66,54,79,135,107,115,127,109,56,43,21,11,21,9,4,5,5,4,11,1,7,3,4,7,2,,4,9,2,1,13,1,,2,,4,,6,1,,1,2,,,,,,2,3,,2,,1,1,,,,,2,,,3,,,,1,1,,2,6,1,2,2,1,8,1,,,5,1,,5,1,4,14,13,10,21,4
America Central and South,Haiti,1,,,,,,,,,,,,,,3,1,,1,,,,,,,,,,1,,1,,,,,,,1,,,,1,,,1,,,,1,,,,,,,,2,,,,,,,,,,1,4,4,,,,,,1,,,,,,,,1,,,,,,1,,
America Central and South,Honduras,2,,,1,,,3,,,,4,,,,,,,,,,,,,,,1,,,,1,,,,2,11,,,,,,,2,1,,14,5,,1,,1,,6,5,2,2,4,2,2,3,,1,2,1,1,1,2,6,2,12,17,14,40,40,20,52,78,93,13,20,108,61,109,105,259,273,210,312,560,444,241
America Central and South,Jamaica,139,97,114,176,249,337,325,536,471,264,231,150,163,129,106,96,120,103,92,68,69,74,50,51,76,59,66,59,62,93,54,60,62,54,49,54,73,59,67,68,43,37,36,31,32,23,30,27,18,33,39,37,40,23,38,39,40,39,54,53,76,65,78,54,76,34,49,47,38,34,41,22,26,27,16,22,32,11,9,22,12,6,8,11,7,13,13,11,7,4
America Central and South,Panama,1,,,,,,1,2,1,,,,,,,,,,,,,,,,,,,,1,,,,,,,,1,,,,1,,,,,,,,,,,,2,,,,,,,,1,,,1,,,1,,,,1,,,,,,,,,,,,,1,2,2,1,,1,2
America Central and South,Peru,9,1,3,3,3,2,5,3,4,1,,1,2,3,1,3,3,5,,3,1,1,,1,,1,,1,1,,,,,5,1,,,,,,1,,,,,,,1,,1,2,,,,,,,,,,1,,1,1,1,,,,,,,1,,2,,,3,,1,,2,1,,1,,,4,8,9,17
America Central and South,Trinidad and Tobago,1,2,,2,1,1,1,,4,4,6,,3,8,1,1,,,1,3,1,3,2,3,,1,1,,8,4,2,8,6,9,9,13,2,4,4,5,2,2,3,6,3,2,3,11,4,5,12,8,4,1,14,7,6,1,16,7,10,7,8,10,17,11,10,18,13,15,9,5,14,23,24,20,33,4,4,6,3,4,18,24,43,44,37,50,57,99
America Central and South,Venezuela,4,4,2,5,1,8,5,6,5,5,1,8,1,2,6,5,8,1,5,4,5,1,3,3,4,3,2,,,,,,2,,4,,8,4,6,2,,,5,9,,3,1,2,,1,2,7,17,13,8,4,5,1,2,2,1,2,12,9,5,4,9,9,13,5,11,6,8,8,13,4,4,4,6,1,4,3,1,2,3,20,1,2,5,
America North,Canada,1,,1,2,1,1,1,1,1,4,4,,2,4,,1,,3,1,1,1,,2,1,,1,,1,,1,1,,2,,1,5,,,1,2,1,3,2,1,5,3,2,3,2,3,3,1,4,2,3,2,2,8,6,4,2,,,9,2,,1,1,2,1,1,,3,4,4,3,2,1,4,3,1,3,2,1,3,8,10,4,2,1
America North,United States,1,3,4,2,,4,3,1,7,9,1,5,11,2,2,3,5,3,4,1,4,5,7,2,6,,8,5,4,4,6,10,4,8,6,4,9,18,12,9,12,6,11,7,5,6,13,3,5,7,9,10,16,10,17,22,11,11,17,18,15,14,10,7,11,13,16,10,17,15,21,8,15,14,21,13,19,6,18,22,22,5,20,8,9,12,30,28,20,17
Asia Central,Afghanistan,1917,2407,2395,2199,2473,2316,1816,1459,1054,549,530,458,341,401,448,415,321,456,430,566,567,622,695,775,869,659,562,748,870,764,1018,1072,1108,859,848,724,551,478,368,446,372,408,354,395,248,271,393,330,297,315,433,411,383,336,657,377,344,562,1012,934,682,852,853,728,440,447,563,512,514,433,589,567,481,431,728,525,400,240,532,403,287,443,1131,1331,1916,1580,2971,4891,1515,1851
Asia Central,Kazakhstan,8,6,10,16,20,6,6,6,5,3,1,,1,4,3,2,2,2,2,2,1,2,4,1,2,3,,,1,,3,,,1,2,,,3,1,1,,,1,,2,,,1,5,5,1,,1,,2,4,1,,1,,3,1,3,2,10,6,11,4,7,9,6,12,6,8,10,17,6,,3,1,4,10,10,16,12,8,17,69,61,51
Asia Central,Tajikistan,1,1,,2,12,4,,7,2,,1,2,1,,,,,,2,,,,,,,,,,4,1,1,1,,,,,,,1,,,1,2,,,,,,1,,,,,,,1,,,,1,2,,,6,,,,,1,,1,5,1,2,1,5,1,,2,2,,,3,3,15,42,92,194,56,55
Asia Central,Turkmenistan,2,2,,,1,,7,4,10,7,2,3,3,9,3,7,1,1,3,11,3,2,8,4,6,,,1,2,2,6,4,,1,3,3,1,1,,2,,,1,3,1,,2,1,1,1,,1,7,,,2,1,1,1,,4,1,2,1,1,1,2,,3,3,7,6,1,2,2,1,2,1,1,10,5,2,10,1,6,3,2,8,2,1
Asia Central,Uzbekistan,4,4,1,6,5,1,5,11,5,7,6,6,8,11,10,,2,8,1,8,12,8,5,7,2,3,13,2,8,10,3,3,3,4,3,4,6,7,,1,10,6,12,6,5,3,6,7,3,8,4,6,5,12,3,4,4,1,6,19,5,4,4,6,7,9,5,9,3,4,,5,10,5,3,15,4,2,5,7,6,2,,10,27,19,68,261,142,120
Asia East,China,437,510,650,792,916,958,951,897,912,724,992,865,632,603,629,546,438,390,469,478,474,558,543,455,510,533,673,517,379,443,451,340,417,401,433,333,355,386,300,328,288,241,235,259,229,228,252,261,287,232,295,265,369,255,293,198,186,169,209,202,250,297,241,216,226,222,295,315,278,294,335,322,322,362,396,455,335,134,206,205,169,156,132,129,273,302,245,253,223,241
Asia East,Hong Kong,1,1,1,1,2,3,,,,1,1,2,,,1,,2,,2,1,3,,2,,1,1,2,3,1,1,3,,1,1,1,2,1,3,,,1,,1,,2,2,1,2,,,1,3,,2,,,,2,1,1,2,,1,,2,1,,6,1,1,3,3,2,1,3,7,7,8,41,21,35,40,22,25,26,19,13,12,23,7
Asia East,Macau,1,1,,6,1,1,,,,,,,,,,,,,,,,,,,,1,,,,,1,1,,,,,,,2,,,,,,,,,,,,,,,,,,,,,,,,,,,,,,1,,,1,,,,4,,,,,,,2,1,,,,1,,
Asia East,Mongolia,49,13,44,36,62,71,67,62,92,102,50,36,53,32,36,32,48,36,25,10,19,15,20,10,3,3,10,8,13,11,15,8,7,10,9,6,24,24,9,14,22,17,8,21,14,16,14,3,10,13,12,4,6,6,7,5,3,,5,9,6,5,1,9,6,14,,4,,8,10,8,22,7,8,8,10,6,2,8,2,4,4,,3,9,2,1,3,17
Asia East,South Korea,1,1,,2,1,1,,1,1,,,1,,1,,1,,,,5,,,1,,2,5,1,24,6,4,1,2,1,1,4,5,,2,,3,2,1,,,,6,3,5,2,2,2,4,6,1,2,3,5,2,3,3,5,,2,2,1,,4,2,1,,,,1,,,,1,,,1,,,,,3,5,3,1,1,
Asia East,Taiwan,1,,,,,,2,,,,,,,,,1,,,1,,,,1,,,,,,,3,,,,,1,,,1,,1,1,,,,,2,,2,,1,2,,,,,,,,,,1,,1,,2,,,1,,1,,1,,,1,3,,1,1,,,1,,1,1,1,1,2,3,1
Asia South,Bangladesh,142,131,112,127,171,223,167,265,241,218,207,154,146,131,147,126,114,128,109,113,125,116,116,137,134,157,148,150,143,133,121,114,112,124,104,155,129,129,136,107,112,154,180,225,281,293,284,311,275,401,316,254,280,207,210,222,240,241,351,488,592,600,568,496,571,488,490,455,355,416,341,351,414,344,300,317,332,165,192,206,185,231,323,342,750,1432,1052,1288,1022,1215
Asia South,Bhutan,6,12,15,23,18,11,10,22,21,19,16,7,18,6,7,5,9,2,1,2,1,1,8,4,11,4,6,9,5,9,13,9,7,7,7,5,4,8,6,11,8,4,11,3,3,2,2,2,2,1,,,,1,2,,4,,,,,1,,,1,,,,1,,,,1,,,,,,,,,,1,,,,,,,
Asia South,India,503,470,452,426,513,450,566,445,522,684,693,512,404,330,413,338,300,248,261,191,201,181,162,173,137,97,159,161,177,202,214,181,181,194,188,151,151,121,166,172,158,155,131,171,249,279,339,328,275,328,297,211,241,236,218,227,205,274,387,458,506,526,508,514,594,541,360,326,435,424,423,403,484,448,536,485,469,120,242,236,205,222,268,521,595,814,789,1414,1712,1109
Asia South,Nepal,164,139,168,171,145,144,119,118,93,63,34,39,36,25,24,19,19,29,8,21,20,15,12,7,10,6,2,7,9,7,12,2,2,5,6,5,6,4,11,14,14,5,11,4,14,8,23,25,16,15,13,17,17,11,16,5,31,17,9,35,59,42,52,58,54,66,34,49,41,31,42,40,35,67,35,29,44,16,12,37,28,28,50,70,74,146,608,446,137,104
Asia South,Pakistan,668,672,816,703,982,988,943,866,809,623,823,888,675,788,828,737,608,601,581,501,434,421,509,487,464,407,444,479,488,499,550,538,507,554,470,568,529,533,467,622,816,878,1074,1237,1181,1148,1245,1293,1150,1119,1139,1168,1211,896,981,888,780,683,1017,885,1029,1089,916,740,859,825,746,763,723,657,642,603,663,612,705,637,578,273,310,411,340,276,284,387,688,795,715,969,1043,1053
Asia South,Sri Lanka,1468,1318,1306,1419,1366,980,658,482,339,270,94,107,111,80,103,108,131,104,132,112,144,140,140,195,357,298,306,306,467,402,426,571,477,405,267,297,376,357,407,495,556,498,519,569,478,553,564,548,525,643,576,534,548,396,362,409,408,294,340,369,361,324,299,267,302,267,207,184,180,144,148,146,197,165,204,199,180,76,78,81,81,62,98,124,198,271,357,475,438,444
Asia South East,Cambodia,1,,1,,1,,,1,,,,,,,,,,1,,,,,,,,,,,,,,,,,,1,,,,,,,,,,,,,,,,,,,,,,1,1,,,1,,,,,,,,,,,,,,,,,,,,,,,,,,,,1
Asia South East,Indonesia,5,2,8,5,6,1,,2,3,9,1,4,,2,1,,1,4,2,1,2,,,1,1,,,,,,1,1,2,2,3,,,1,2,,5,8,7,4,,1,,1,1,,,4,1,1,3,,,1,1,3,4,1,5,1,2,4,14,9,4,2,5,10,10,10,10,9,12,11,9,11,3,3,3,13,12,26,20,65,60,33
Asia South East,Malaysia,7,1,4,9,10,3,7,5,10,7,8,3,4,7,,5,1,6,4,13,5,3,3,8,5,7,11,8,14,9,13,7,9,12,16,9,16,18,19,14,17,22,19,13,27,7,12,12,9,8,27,14,13,14,27,14,13,18,17,14,22,38,25,16,22,27,24,55,84,51,58,82,79,49,42,59,56,17,20,36,20,41,34,24,92,104,58,79,71,71
Asia South East,Myanmar (Burma),26,24,23,26,20,25,20,28,31,49,46,16,12,19,14,21,16,13,18,26,25,24,23,16,41,66,68,51,53,76,44,36,37,50,72,64,80,67,58,80,45,42,53,53,23,17,18,23,15,14,16,28,53,31,30,44,31,56,43,35,19,29,17,6,12,9,13,20,8,6,11,5,2,4,6,7,9,2,3,3,2,11,24,15,26,43,50,43,2,41
Asia South East,Philippines,7,3,3,3,2,1,7,4,5,3,1,3,8,2,8,,1,6,,5,3,2,2,4,,,3,7,,6,3,,7,2,3,1,4,1,7,4,4,1,8,1,4,5,10,7,10,8,7,10,4,21,10,9,13,12,18,23,22,27,14,24,33,30,9,26,39,30,24,24,28,34,38,13,39,71,54,61,64,90,88,89,140,153,141,163,88,54
Asia South East,Thailand,5,1,4,2,,2,4,2,,1,3,2,,1,2,,,4,,2,,2,,1,1,1,3,3,3,1,8,4,2,4,3,6,2,5,2,,4,5,1,2,1,1,2,7,3,2,5,1,3,2,4,2,,10,8,8,3,12,12,2,6,5,10,6,10,8,12,8,7,6,12,15,7,9,13,12,8,11,8,12,11,25,43,63,41,60
Asia South East,Vietnam,59,44,125,173,180,152,269,281,364,233,278,302,211,250,168,159,152,103,88,55,18,28,23,24,35,45,33,52,48,42,79,68,128,130,114,100,116,145,131,75,79,88,96,84,93,94,91,138,125,135,132,74,106,99,97,98,127,136,176,181,176,197,202,247,283,313,252,306,303,286,327,362,389,325,385,511,389,150,263,216,374,892,419,204,195,391,248,241,248,681
EU 14,Belgium,1,1,,,,,,,,,1,1,,1,,,,,,,,,,1,,,,,,,,,,,,,,,,,,,,,,,,,,,,,,,,1,,,5,,,,,,,,,,,,1,,,,,,,,,,,,,,,,,,,1
EU 14,France,6,4,4,2,1,5,,1,4,,,,,1,,,,,2,,,,,1,,,2,,,2,,,,1,1,,,,,,2,,,,1,,,,,1,1,1,2,1,,2,,1,,,2,,2,3,,,1,,,,1,1,,,,1,,,,,1,,,,3,,1,,1,1
EU 14,Greece,1,1,,,1,,,,,,,,,,,,,,,1,,,,,,,,,,,,,,,,,,,,,,,,,,,,4,,8,1,,,1,,,4,,1,,,,2,,,,1,,,,1,,,,2,,,1,,,,1,,3,,1,4,8,,1
EU 14,Italy,2,1,,2,1,,,,,,,,,,1,1,,,,,,,1,,,,,,,,,,,,,,,,1,,1,1,,,,,,1,1,,1,,1,,,,1,,,,,,,3,1,1,,1,1,,2,,3,1,3,1,,,2,2,1,,,,6,,,1,3,2
EU 14,Netherlands,2,,,,2,1,2,,1,,,,,1,2,,,2,,,,,,,,,4,,1,,1,,1,,,,1,,,,,,1,,1,,,,,2,,,,2,1,,,1,,1,2,,1,,,2,1,1,,,,,1,,1,1,,,,1,1,,,1,,,,2,1,
EU 14,Portugal,2,,,,1,,,1,,1,,,,,,,,,,,,,,,,1,,,,,,,1,,,,,,,,,,,1,1,,,,1,,,1,2,2,1,1,2,2,1,3,2,1,,2,3,,,,,2,,1,1,,2,,1,,,,,1,,,2,1,1,2,5,3
EU 14,Spain,1,,7,1,,,3,1,,,,,,,,,,,,,1,,,1,,,,,,,1,,,,,,,,,,,1,,,,1,1,,,1,,,1,,,,2,,,1,1,,,1,1,,1,,2,,,,,,1,1,,,,,1,,,1,2,1,6,7,3,1
EU 14,Sweden,1,,,,,,,,,,,,,,,,1,,,,,,,,,,,,,,,,,,,,,1,,1,,,,,,,,,,,,,,,,,,,,,1,1,1,,,3,,1,,,,,,,2,,,,2,,,,,2,,1,1,2,,2
EU 2,Bulgaria,25,21,20,50,52,10,18,9,12,8,2,11,1,4,,4,,3,,3,2,6,,2,,2,,1,2,,,,1,1,,,,1,,,2,,,,3,1,9,,,,,1,,,,1,,1,1,1,,1,,1,,,1,,,,1,,1,,2,,,,,1,1,,1,,3,2,,3,2,2
EU 2,Romania,629,256,196,318,352,521,485,693,401,134,148,115,94,73,75,107,36,40,25,26,29,27,13,15,9,2,,1,1,,,1,1,,,2,1,,2,1,,,,1,1,1,3,2,5,8,4,4,5,,1,2,3,4,9,4,3,5,3,9,2,3,2,1,5,4,4,5,5,1,3,2,2,1,3,2,4,2,8,2,5,5,4,13,10,12
EU 8,Czechia,324,245,143,114,160,1401,1572,239,49,35,52,23,31,2,,,,1,,1,1,,,,,2,1,5,,1,,,,,,,1,,,,,,,,,,,,1,1,1,3,4,2,,2,1,1,1,,,1,,1,,,3,1,,,,,1,1,,1,,,,,2,,2,,,,,5,12,3
EU 8,Estonia,23,13,7,7,5,9,7,12,8,2,2,2,1,,,,,,,,,,,,,,,,,,,,,,,,1,,,,,1,,,,,1,,,2,,,,,,,,2,,1,,1,,,1,,1,,,,,1,,,,,,,,,,,,,,,,,,
EU 8,Latvia,45,17,33,36,208,88,59,57,14,9,7,7,8,2,1,,,,1,1,2,,,,,1,1,,,,,,,,1,1,,,,1,,1,,,,,1,1,5,1,2,5,1,4,1,5,7,9,9,4,3,2,2,,2,1,1,1,2,3,,2,3,1,,2,1,,2,,,1,2,,1,1,2,3,2,3
EU 8,Lithuania,67,54,50,56,87,134,197,200,37,19,18,5,10,3,,1,,1,2,,1,,,2,,1,,,,,,,,,,1,,1,1,,1,,,1,1,1,,5,6,6,4,10,7,6,3,7,13,14,9,9,5,6,3,3,1,1,1,10,,1,,2,2,1,4,,1,2,,,2,1,,1,2,1,2,10,3,2
EU 8,Poland,202,139,114,158,461,598,533,494,42,31,11,38,16,4,,1,,1,,,1,1,1,1,,2,,1,,,,,,4,1,,1,1,4,1,,1,3,2,1,10,13,19,26,37,31,44,51,31,30,29,34,27,26,13,10,7,6,5,7,4,3,2,12,5,2,3,2,3,3,5,1,1,3,1,1,8,12,4,4,5,13,29,33,19
EU 8,Slovakia,24,16,7,16,71,132,38,31,1,2,3,17,5,,3,,1,,,,,,,,,,,,,,1,,,,6,1,,,,,,,,,1,,1,,,2,,,,,1,1,2,1,5,1,,1,,1,,1,,1,3,,1,1,1,1,,,,3,,2,,,1,1,,,,3,2,2
EU 8,Slovenia,1,,,,4,4,1,,,,,,,,,,,,,1,,,,,,,,,,,,,,,,,,,,,,,,,,,,,,,,,,,,,,,,,,,,,,,,,,,,,,,,,,,,,,,,1,,,,,,1
EU Other,Croatia,12,6,8,7,10,9,12,16,8,5,7,,1,3,4,2,,1,,3,3,1,4,4,1,12,2,1,2,,1,1,1,,2,,,,2,,,1,,5,,1,,2,,,,,1,,,,,,,,1,,,,,,1,,,,,,,,,,1,,,,,,,,,,,,,
EU Other,Cyprus,3,5,4,6,10,9,29,28,2,1,2,1,,,,,,,,,,,,,,,,1,,,,,,,,,,,,,,,,,,,,,,,,,,,,,,,,,,1,,,,,,,,,,,,,,,,,,,1,,,,,,,,,
EU Other,Malta,2,,,,,,,,,,1,,,,,,,,,,,,,,,,,,,,,,,,,,,,,,,,,,,,,,,,,,,,,,,,,,,,,,,,,,,,,,,,,,,,,,,,1,,,,,,,
Europe Other,Albania,363,235,225,240,309,375,368,298,260,157,148,121,126,68,75,74,67,52,39,41,54,47,44,38,50,49,45,48,44,36,40,53,78,68,44,46,51,60,57,51,68,75,112,184,176,213,273,355,421,351,376,493,534,420,453,565,476,480,501,541,482,473,428,501,473,457,470,458,541,557,709,802,1117,931,1001,1184,1060,508,622,1103,1035,1098,1248,1766,1772,3640,8937,2991,1036,903
Europe Other,Armenia,17,20,30,27,47,19,19,13,3,9,31,17,14,11,10,17,9,6,12,6,5,7,7,5,2,7,6,6,6,4,,6,3,,,3,3,6,8,7,6,3,3,1,1,1,9,1,6,6,,7,7,3,7,1,11,14,1,3,1,4,19,15,7,8,16,10,8,2,1,1,,1,,,,1,1,3,,,3,1,4,3,2,2,,
Europe Other,Azerbaijan,19,18,39,30,58,69,81,106,64,25,45,51,15,22,28,14,11,33,14,8,16,20,18,14,14,9,11,4,2,1,7,5,19,4,12,10,7,1,9,,9,4,3,7,1,7,2,13,5,4,,20,2,,5,1,6,4,10,5,6,6,5,13,3,20,15,32,31,42,20,13,10,8,3,8,6,,1,7,2,13,17,5,17,16,23,37,31,20
Europe Other,Belarus,16,11,30,24,28,19,34,46,42,29,47,38,16,12,19,15,27,21,13,32,23,11,18,15,14,18,24,21,20,21,18,17,6,4,4,4,13,5,5,12,13,9,7,8,4,10,5,9,5,2,3,3,6,7,4,5,5,5,7,2,4,3,6,7,5,1,5,1,5,2,5,4,4,1,2,1,3,1,10,12,16,4,6,23,20,20,14,28,5,4
Europe Other,Bosnia and Herzegovina,18,15,10,6,23,21,19,58,35,12,4,10,10,10,3,2,11,9,28,7,18,3,10,5,,10,18,7,1,,,7,1,3,,3,3,2,7,,3,,1,2,,6,,,,2,2,,4,,,1,,1,2,,,,1,,1,,,,,,,2,1,,,4,,1,,,,,,,,1,,,,
Europe Other,Cyprus (Northern part of),37,20,20,7,,22,11,9,14,2,6,6,1,2,,1,,,1,,,,,,,,,1,,,,,,,,,,,,,,,,,,,,1,,,1,,,,,1,,,,,,,,,,,,1,1,,,2,1,,,2,1,1,,,,,,,2,3,2,2,2,1
Europe Other,Georgia,33,18,45,37,34,49,56,84,57,49,69,60,53,47,31,17,45,33,23,27,26,14,20,18,19,17,16,6,14,12,38,22,26,21,28,23,16,22,9,31,18,8,7,8,8,4,4,12,11,20,4,15,9,16,10,16,8,23,12,9,18,16,19,10,14,31,22,9,20,28,20,16,41,41,84,106,62,45,33,59,11,22,251,258,236,369,561,563,288,294
Europe Other,Moldova,94,79,106,147,157,212,206,308,199,86,77,51,58,42,43,35,27,42,20,36,10,10,12,13,8,8,6,8,4,4,14,4,3,6,4,8,,2,2,3,,3,2,2,2,3,,1,1,,2,,,,1,,,1,,,1,,,,,,1,,,,2,1,1,,,,,,,,,1,1,1,,3,4,6,3,2
Europe Other,North Macedonia,33,115,403,206,122,90,70,54,48,14,9,6,10,,4,,,2,4,1,,1,,,19,27,23,9,1,,1,,5,5,,,2,1,,1,1,4,,,,2,1,,,,,3,2,,,1,,1,,,,1,,1,4,,,,1,,,,1,,,5,1,,3,1,1,,,,2,1,4,1,4,3
Europe Other,Russia,142,79,123,106,101,77,96,119,88,110,88,126,83,83,70,70,46,51,45,58,38,44,29,50,40,33,28,25,19,19,17,17,24,27,19,35,25,21,30,28,24,12,30,33,42,32,61,33,30,30,20,36,24,15,32,48,44,20,26,37,26,11,41,40,53,42,54,60,66,46,77,72,124,72,134,121,104,25,105,120,36,71,73,75,139,146,156,223,110,83
Europe Other,Serbia and Montenegro,1266,764,640,561,732,878,803,495,465,269,245,154,118,103,99,85,60,48,41,48,44,24,24,21,9,7,3,4,4,2,3,,,,3,,,4,,1,1,2,1,1,1,,,,,1,2,,,,,,,,5,2,1,1,1,1,2,,,,,1,4,,2,,,,,,,1,,,,,,,1,,,
Europe Other,Switzerland,1,2,,,,,,,,,,,1,,,,,,,,,,,,,,,,,,,,,,,,,,,,,,,,,,,,,,,,,,,,,,,,,,,,,,,,,,,,,,,,,,,,,,,,,,,,,
Europe Other,Turkey,1066,936,886,805,769,831,889,1005,742,724,746,780,587,312,342,347,301,221,231,198,152,138,123,154,83,54,52,67,78,50,58,46,73,51,40,52,24,46,47,59,62,28,38,53,37,51,60,52,70,73,70,54,71,71,79,75,71,50,73,60,74,83,106,165,113,104,146,150,84,190,235,296,329,311,339,312,208,100,261,247,158,263,183,210,320,505,711,745,434,1176
Europe Other,Ukraine,140,105,97,103,105,94,103,122,103,79,110,45,44,28,34,31,18,12,12,21,12,21,11,20,13,11,10,14,11,9,16,5,24,11,8,19,14,8,13,18,10,5,13,20,11,11,6,29,25,12,23,14,51,80,77,74,55,79,77,47,22,46,37,34,37,78,43,49,97,54,71,68,57,41,30,71,48,29,16,34,50,25,20,29,473,317,150,57,15,44
Middle East,Iran,1337,695,710,676,747,633,936,1054,805,730,1051,911,832,793,1108,1259,934,783,852,934,637,559,660,827,667,476,594,788,659,510,698,730,516,438,635,557,437,414,688,685,702,604,819,926,705,694,784,979,762,776,687,742,535,557,623,784,528,611,999,1578,1652,1262,927,996,795,719,783,797,690,663,1087,1563,1272,978,1611,1629,1106,837,1209,1072,754,1094,3566,5108,1567,1868,2886,3686,1718,1515
Middle East,Iraq,2004,1036,1839,1802,2895,3571,4545,4626,2268,673,739,608,362,432,514,570,608,461,313,211,148,183,489,496,388,286,583,815,755,341,438,505,396,189,223,185,133,94,143,126,113,68,109,87,113,87,111,112,95,98,107,150,187,118,329,277,291,295,751,1311,1070,876,828,960,900,635,750,1071,897,679,909,1175,1181,933,906,988,799,821,1096,612,579,769,2108,4340,1348,1516,1836,2100,743,928
Middle East,Israel,8,10,19,12,21,26,46,29,21,16,10,5,14,11,19,29,25,12,10,12,6,5,7,3,10,1,16,5,5,6,6,,,2,6,,2,1,10,1,,2,1,1,1,,3,,,3,7,3,1,,1,2,1,2,,,1,1,6,7,3,6,2,1,,1,,1,1,3,4,2,5,,2,5,,,3,,12,1,9,8,7,1
Middle East,Jordan,10,6,9,5,11,4,1,6,1,2,4,8,1,4,6,18,2,3,,6,4,8,1,7,8,3,3,5,4,4,1,6,1,6,4,16,4,10,7,4,5,5,2,8,8,4,5,5,8,5,6,13,14,19,6,6,16,10,3,8,3,6,22,16,2,8,3,10,7,14,15,15,21,17,23,14,31,19,18,16,3,9,12,21,18,6,13,8,25,22
Middle East,Kuwait,1,1,5,3,1,5,12,11,11,12,21,26,9,14,9,20,15,15,9,17,15,47,65,82,48,50,63,69,44,53,84,77,54,32,16,10,15,12,26,24,12,13,34,21,13,34,13,23,13,24,37,14,12,8,25,36,13,12,30,35,29,33,31,28,7,16,36,85,92,134,58,102,29,67,54,55,50,24,98,143,41,137,385,261,206,193,153,163,95,119
Middle East,Lebanon,57,39,46,26,16,22,46,66,78,77,97,55,28,32,50,36,59,35,29,25,28,10,167,32,21,13,23,31,34,22,3,22,5,10,13,13,9,8,15,12,7,14,16,20,8,9,27,38,24,17,29,13,29,8,32,22,28,8,17,29,20,21,44,14,21,27,29,19,10,17,15,13,23,19,21,32,40,7,18,19,16,6,14,29,18,32,32,38,15,28
Middle East,Occupied Palestinian Territories,111,102,99,61,86,75,109,184,106,98,141,129,132,147,144,116,146,115,113,72,95,55,100,91,92,143,119,124,100,50,83,84,120,68,50,64,50,54,63,46,68,62,58,46,43,50,51,52,22,22,47,35,37,37,56,83,38,40,39,56,50,37,27,21,25,35,67,64,62,48,65,68,53,71,63,53,37,35,105,59,27,45,105,90,68,77,67,69,44,51
Middle East,Qatar,1,,,,,,,,1,,,,2,,1,1,,1,6,,,,,,,,,1,,,,,,1,,1,,,,,,,,,,,,,1,,1,,,1,,1,1,,1,,1,,2,,,1,1,,,,,1,3,,,6,6,,1,2,2,,,4,2,1,3,3,,
Middle East,Saudi Arabia,3,1,1,1,4,1,4,,2,1,1,7,3,8,8,,,,4,5,,2,1,3,6,1,2,2,1,2,1,6,3,1,4,2,4,3,,4,13,2,3,2,3,2,5,4,9,8,10,4,8,10,6,14,11,11,12,4,34,22,8,11,8,14,25,10,15,7,39,30,22,23,58,56,37,14,6,8,7,20,43,43,20,88,80,101,61,50
Middle East,Syria,39,20,29,21,14,34,13,22,30,30,30,66,50,74,131,157,118,110,93,67,45,52,40,46,64,35,35,51,36,46,47,53,47,43,42,52,39,36,35,50,37,64,200,207,188,216,454,431,411,454,631,524,442,435,677,799,557,403,856,978,493,472,338,266,172,183,244,187,187,188,270,276,305,296,422,367,385,316,540,531,412,659,1099,1798,1115,851,1478,1413,558,830
Middle East,Yemen,37,29,68,37,72,65,79,31,40,40,48,26,27,10,57,23,16,19,26,11,23,10,28,12,14,17,23,18,19,4,13,20,10,13,31,18,14,10,5,19,8,21,17,18,18,11,26,22,19,15,9,20,21,14,39,30,14,44,53,35,23,21,40,16,49,45,31,55,52,62,98,44,81,68,97,114,145,131,211,116,101,91,140,187,234,186,172,201,106,104
Oceania,Fiji,1,,,,,,3,,2,,,,,,,,,,,,,,,,,,,1,,1,3,,,,1,,1,,,,,,2,,7,,,,1,,1,,1,1,,,1,,,,,1,,1,,,1,,,,,1,,1,,,,,,1,,,,,,,,,,
Other,British overseas citizens,2,5,6,5,4,10,7,3,5,1,2,2,1,,1,,1,1,,,2,1,1,2,6,4,1,1,7,2,2,2,,1,2,,4,5,1,2,6,1,,,1,5,2,5,5,2,1,4,4,5,,3,7,4,7,4,3,8,2,1,7,6,19,2,7,3,3,1,8,3,3,2,2,2,1,2,2,1,,2,1,,,1,7,
Other,Other and unknown,51,22,34,22,22,17,14,21,5,5,10,13,6,11,15,1,5,5,6,8,5,2,2,4,,3,3,6,1,1,1,4,3,2,2,,2,,3,,1,,4,1,,,5,2,5,5,3,3,1,1,4,,2,1,6,3,1,17,2,8,1,3,1,5,1,2,4,8,4,3,11,3,10,1,4,3,3,4,10,3,15,10,13,8,58,19
Other,Refugee,2,2,2,2,5,13,14,40,11,4,11,2,13,13,20,16,14,37,36,18,16,4,13,7,9,18,14,7,13,18,18,6,14,11,19,15,32,22,41,50,84,65,67,40,54,39,18,21,55,62,47,15,29,62,38,9,61,70,61,8,118,38,27,3,53,16,31,9,170,86,60,25,146,80,65,56,52,17,42,25,15,28,9,8,43,28,46,12,23,3
Other,Stateless,2,,2,1,,1,1,7,,3,1,,,1,,1,3,3,2,1,1,1,1,1,8,3,11,7,2,8,1,7,9,19,10,24,14,21,11,81,35,40,66,97,41,48,23,55,27,46,42,62,64,58,74,74,38,33,187,312,116,158,158,190,57,68,68,155,103,167,183,261,144,189,258,352,239,148,513,199,66,297,351,273,162,258,244,150,123,96
Africa Sub-Saharan,Lesotho,,1,,,1,1,6,1,,,,,,1,,,,1,,1,2,,,,1,,1,,,1,,1,,,1,,,2,,,,1,,,2,,,,,,,,,,,1,,,,,,,,,1,2,1,,2,1,,,,,,,,,,,,,,,,,,,,
Africa Sub-Saharan,Mali,,1,1,1,1,5,,3,,,1,2,2,5,2,2,1,4,4,2,1,2,1,1,1,1,4,1,2,2,,,2,2,2,3,2,2,5,1,4,,1,4,3,1,4,6,9,4,6,3,3,8,2,2,4,3,9,1,4,1,1,4,2,,3,3,2,1,3,3,8,4,5,3,6,8,15,11,,1,11,10,5,3,7,8,2,2
Asia Central,Kyrgyzstan,,1,1,6,4,8,3,17,9,8,9,3,10,6,2,3,1,2,1,2,5,1,,4,1,,1,2,,,3,,5,1,,3,1,8,8,6,2,,7,2,3,3,4,,,1,4,2,,3,,2,3,6,2,2,2,5,2,,,3,1,6,6,1,3,6,2,1,1,2,8,1,,4,,,3,3,7,10,28,104,58,27
Asia East,Japan,,4,,,,1,4,1,,1,,,2,1,,,,,1,,,,,2,,1,,1,1,,,,3,,,,,,,,1,5,,,,,,,1,,,1,2,,,,,,,,1,1,2,,,1,1,2,4,1,2,,3,,4,,2,1,,,1,,,1,1,1,1,,,2
EU 8,Hungary,,4,4,1,7,19,19,5,1,7,3,8,2,,,,,5,,,,,,1,,,,,,,,,,1,,,1,,,,,,,,,1,1,3,2,,,,4,,,,2,1,1,1,,1,1,,,4,,2,4,1,1,,2,,1,4,1,,1,,2,3,5,,3,2,7,14,18,6
Europe Other,Andorra,,1,,,,,,,,,,,,,,,,,,,,,,,,,,,,,,,,,,,,,,,,,,,,,,,,,,,,,,,,,,,,,,,,,,,,,,,,,,,,,,,,,1,,,,,,,
Oceania,Australia,,1,1,,1,,3,,,1,,,,,1,,,,,,,,,,6,,1,,,1,,1,,1,4,,,1,1,,,4,,,1,,1,2,1,,2,1,,2,1,4,2,1,1,,1,1,,4,1,2,,2,1,,4,,,1,1,,,,1,,,,,1,,,1,4,,
Africa Sub-Saharan,Botswana,,,1,1,,2,2,4,11,6,3,1,2,3,,4,2,2,,1,1,1,1,2,1,,,3,1,1,5,,4,5,2,3,3,8,3,6,9,1,,3,6,4,5,4,3,3,3,2,3,6,8,8,5,3,4,1,7,2,4,3,5,3,4,5,13,3,10,6,4,13,17,7,14,1,7,12,13,6,1,15,19,24,72,134,99,173
Africa Sub-Saharan,Central African Republic,,,4,,,,,4,4,4,1,2,2,,,,,2,1,,5,,,,1,1,,1,1,,,,,1,,,,,,,,,,,,,4,1,,2,1,2,5,3,,,1,,,2,1,,,,,,,,1,,,2,1,2,4,4,1,,2,1,1,4,,2,1,1,,2,,1
Africa Sub-Saharan,Djibouti,,,2,3,,,2,,,,,,,,8,,,,,,1,,2,1,,,2,,3,,,,,1,,1,,1,,,,,,,1,,,1,,,,,1,,,,1,,,,,1,1,4,,,,2,,1,,,,,,,,,,2,,,3,,,1,,1,,
Africa Sub-Saharan,Guinea-Bissau,,,4,2,4,10,2,2,5,1,7,8,1,2,2,13,1,1,1,,2,1,5,,4,,1,1,,1,1,2,2,,3,,1,,1,1,,1,2,,2,1,,,,,,,1,,,,3,,,2,,,,,2,,1,,3,1,,,,1,,1,2,1,3,,,,1,,,1,,,,2
America Central and South,Guyana,,,1,2,3,,,11,7,3,8,1,,1,,3,,1,1,4,,1,,,1,3,3,2,3,4,6,1,1,11,,2,2,3,,3,1,1,5,1,,1,3,2,,8,2,1,1,,1,2,3,2,1,1,1,,4,2,1,1,3,1,2,1,,,1,3,1,5,2,1,,,,,1,1,,,1,6,1,9
America Central and South,St Lucia,,,1,,1,,,1,1,1,,2,1,3,1,1,1,,4,1,1,3,,1,2,1,,3,2,2,,3,1,1,,1,3,1,,1,2,1,,1,5,,2,,,,4,2,1,,,1,3,2,8,5,8,5,6,2,3,9,3,7,6,6,3,5,6,5,5,6,6,6,2,12,2,3,6,2,9,4,11,25,19,10
America Central and South,St Vincent and the Grenadines,,,1,,,,,,,,,1,2,,,,,,,1,,1,,1,1,,1,,1,,,,2,,,3,,4,1,,3,,2,,,1,3,,,1,3,1,4,,4,,2,4,,,9,3,5,1,3,,3,6,7,3,4,3,4,3,2,5,7,,3,4,4,7,2,4,9,13,7,8,14,14
Asia East,North Korea,,,3,,2,5,6,2,4,2,8,1,10,3,4,10,4,16,18,4,5,16,13,27,37,90,116,359,152,74,29,18,2,20,19,15,20,23,9,2,7,11,5,7,1,4,14,11,4,22,12,13,16,7,6,12,16,14,8,11,4,6,4,1,7,1,8,,1,4,6,2,1,,1,3,,2,1,2,1,,,,1,1,1,,,
Asia South East,Singapore,,,1,1,3,,,1,1,1,1,1,1,1,,1,,1,,1,,,,,2,,,,,2,,,,1,,,,1,,,,1,1,,,,1,1,1,,,,,2,1,2,2,,,,,,10,1,2,,,1,2,1,,1,,,,,2,,1,5,,,,,,2,3,1,3,5
EU 14,Germany,,,1,,,,,1,,,,,,,,,,,1,,,,,,,1,,,,,,,1,,,,,1,,,,,,1,,,,,,2,,,,1,,3,1,1,,,,1,1,1,1,,,,,1,,1,,1,,,1,,1,1,,,,,1,,2,3,,
Middle East,Oman,,,1,,1,,,,,,,5,1,,,,6,,,1,,,2,,2,,,,1,2,,,,,,,,,,1,,,1,1,,,,,,,,,3,,9,,,4,1,,1,1,7,1,14,1,1,2,,3,2,6,3,3,8,1,2,1,4,8,2,3,2,1,5,7,7,10,2,13
Middle East,United Arab Emirates,,,1,,1,,,1,,1,7,,,1,,,,1,1,,1,1,,,1,1,,1,,1,,,7,,1,,,,,,2,,,,,,,1,2,,3,,,4,7,6,,1,2,,,1,2,3,,1,,,1,3,3,1,5,,1,2,3,,1,4,1,2,3,1,2,1,2,3,5,
Oceania,New Zealand,,,1,,,,,,,,,,,,,,,,,,,,,,,,,,,,,,1,1,1,,,,,,,,,,,,,,,,,,,,1,,,,,2,,1,2,1,,,,,,,,,,,,,,1,,,,,1,1,,,,,,
America Central and South,Antigua and Barbuda,,,,1,,,1,1,,,,,,,,,,,,1,1,,,,,,,,1,,,,,1,,,,,,,,,,1,,1,,1,,,1,1,,2,1,,,,1,,2,1,,,,,4,,1,,,1,4,5,,,,6,,1,,,2,1,5,,2,1,1,
America Central and South,Barbados,,,,1,,,,,,,,,,,,,,,,,,2,,,,,,,,2,,,,,,1,3,1,,,,,,2,1,,,1,,,,4,2,1,1,3,1,,6,,8,2,,1,1,,2,2,,2,,1,3,,3,,2,1,3,1,9,1,2,2,1,2,,1,1,3
America Central and South,Costa Rica,,,,1,,,1,,,,,,,1,,,,1,,,,1,,,,,1,,,,,,,,,,,,,1,,,,,,,,,,,,,3,,,2,,,,,,,,,1,,,,,,2,2,1,,2,1,,,,,,1,1,,2,3,1,12,,3
America Central and South,Mexico,,,,3,,,,3,2,,,,1,1,,,,,,,1,,2,,1,,,1,1,,,1,,2,1,4,4,4,1,3,,1,3,6,1,2,2,1,1,2,2,5,3,2,8,,5,5,5,3,12,4,10,1,2,5,14,2,1,4,7,3,2,3,4,4,10,9,9,7,,14,11,33,20,33,27,16,14,6
America Central and South,Nicaragua,,,,1,,,,,,,,4,,1,,,,,,,,,,5,,,,,2,,1,1,2,,3,1,,,1,,1,,,1,,,,,,,,,,1,1,,,1,,,,,,,,,1,,,2,16,22,21,25,6,18,11,5,8,8,20,15,22,67,47,56,55,71,88,41
America Central and South,Uruguay,,,,1,,,,,,,,,,,,1,,,,,1,,,,,,,,,,,,,,1,,,,1,,1,,,,,,,,,,,,,,,1,,,,,,,,,,,,,,,1,,,,,,,,,,,2,,,,,1,,,
EU 14,Ireland,,,,1,,,,,1,,,,2,,,1,2,2,1,,1,1,,3,,1,1,,,1,,,,,1,,1,,,1,,,,,,,,,,,1,,1,,1,,2,1,1,,,2,,,,1,,,,,,,,,,,,,,,,,,,,,1,1,,
Africa Sub-Saharan,Sao Tome and Principe,,,,,1,,,,,,,1,,,,,,,,,,,,,,,,,,,,,,,,,,,,1,,,,,,,,,,,,,,,,,,,,,,,,,,1,,,,,,,,,,,,,,,,,,,1,,,,,
Asia South,Maldives,,,,,1,2,3,8,,1,1,,1,3,,1,,,,,,1,,,,,,,,,,,1,,,1,,,,,,,,,3,1,,,,,3,,2,,,,1,,10,17,3,1,1,,,1,1,,,,9,1,1,,1,3,2,2,,2,,,,,,2,5,1,,
Europe Other,Svalbard and Jan Mayen Islands (Norwegian),,,,,1,,,,,,,,,,,,,,,,,,,,,,,,,,,,,,,,,,,,,,,,,,,,,,,,,,,,,,,,,,,,,,,,,,,,,,,,,,,,,,,,,,,,,
Middle East,Bahrain,,,,,1,,,1,,,,,1,1,,1,5,,1,,,,2,1,1,,,1,,,,,1,,,,,,1,2,2,83,26,11,18,5,18,6,9,1,,4,5,2,2,4,7,4,10,,3,,4,4,4,,7,5,11,5,10,2,2,2,2,4,8,,,1,,,2,,3,14,15,16,1,9
America Central and South,Suriname,,,,,,1,,,,,,,,1,,,,,,,,,,,,,,,,,,,,,,,,,,,1,,,,,,,,,,,,,,,,,,,,,,,,,,,,,,1,,,,1,,,,,,,,,,,,,,1,
Oceania,Tonga,,,,,,1,,,,,,,,,,,,,,,,,,,,,,,,,,,,,,,,,,,,,,,,,,,,,,,,,,1,,,,,,,,,,,,,,,,,,,,,,,,,,,,,,,,,,5
America Central and South,Guatemala,,,,,,,18,3,1,1,2,7,,,,,,,,,,,,,4,,,3,,,,1,,1,,5,,1,1,,,,1,,,,1,,,,,,,,1,,2,4,1,,,1,2,4,2,1,2,2,1,3,,,1,2,4,2,4,1,,3,1,3,7,4,2,9,9,27,17,12
America Central and South,Turks and Caicos Islands (British),,,,,,,1,,,,,,,,,,,,,,,,,,,,,,,,,,,,,,,,,,,,,,,,,,,,,,,,,,,,,,,,,,,,,,,,,,,,,,,,,,,,,,,,,,,
America Central and South,Belize,,,,,,,,1,1,,,,,,,,,,,,,,,,,,,6,,,,,,,,,,1,,3,1,,,1,,,,,,,,,,,2,,,,1,,1,1,,,,,,,,1,,,,,1,1,,,,1,,1,,1,,,,,,1
Europe Other,Norway,,,,,,,,1,,,,,,,,,,,,,,,,,,,,,,,,,,,,,,,,,,,,,1,,,,,3,,,,,,,,,,,,,,,,,,,,,,,,,1,,,,,,1,,,,,,,,1,
Oceania,American Samoa (United States),,,,,,,,1,,,,,,,,,,,,,,,,,,,,,,,,,,,,,,,,,,,,,,,,,,,,,,,,,,,,,,,,,,,,,,,,,,,,5,,,,,,,,,,,,,,
Oceania,Papua New Guinea,,,,,,,,3,,,,,,,,,,,,,,,,,,,,,,,,,,,,,,,,,,,,,,,,,,,,,,,,,,,,,1,,2,,,1,,,,,,,,,,,,,,,,,,,,,,,,
America Central and South,"Bahamas, The",,,,,,,,,1,,,,,,,,,,,,,,,,,,,,,,,,,,,,3,,,,,,1,,1,,1,,,,1,,,,,,,,,,1,,,,,3,,,,,,,,,1,1,,,,,,,,,,,,1,,
EU 14,Austria,,,,,,,,,1,,,,,,,,,,,,,,,,,1,,,,,,,,,,,,,,1,,,,,,,,,,,,,,,,,,,,,,,,,,,,,,,,,1,,,,1,,,,,,,,,,,,,2
Oceania,Solomon Islands,,,,,,,,,2,,,,,,,,,,,,,,,,,,,,,,,,,,,,,,,,,,,,,,,,,,,,,,,,,,,,,,,,,,,,,,,,,,,,,,,,,,,,,,,1,,9
Oceania,Tokelau (New Zealand),,,,,,,,,1,,,,,,,,,,,,,,,,,,,,,,,,,,,,,,,,,,,,,,,,,,,,,,,,,,,,,,,,,,,,,,,,,,,,,,,,,,,,,,,,,
Asia South East,Laos,,,,,,,,,,1,,,,,,,,,,,,,1,,,,,,,,,,,,,,,,,1,,,,,,,,1,,,1,,1,,,,,,1,2,,,,,,,,,,,2,,,,,,,,,1,,,,,,,,,,
America Central and South,Paraguay,,,,,,,,,,,,3,,,,,,,,,,,1,,,,,,,,,,,,,,,,,,,,,,,,,,,,,,1,,,,,,,,,,,,1,,,,,,,1,,1,,,,,,,,,,,,,,,,1
America Central and South,Dominica,,,,,,,,,,,,,2,,1,,2,,,,,,1,,1,,,1,,,,,,,,2,2,,2,1,,,2,,,2,,3,,1,2,,,,,,,1,2,1,6,2,1,3,2,1,,4,5,1,2,8,5,3,11,20,3,5,1,,1,1,,5,16,6,14,12,10,7
America Central and South,El Salvador,,,,,,,,,,,,,4,,,,,,,,1,,,,4,,,,,,,,,,,,,,2,,,,,1,,,3,5,,,14,6,8,,11,2,8,2,3,7,25,20,21,25,27,10,9,31,40,28,18,121,241,228,259,481,449,7,7,565,115,243,176,686,690,553,26,46,20,12
Africa Sub-Saharan,Cape Verde,,,,,,,,,,,,,,4,,,,,,,,,,,,,,,,,,,,,,,,,,,,4,,,,,,,,,,,,,,,2,,,,,,,,,,,,,,,,,,,,,,,,,,,,,,,3,,
Africa Sub-Saharan,Madagascar,,,,,,,,,,,,,,2,,,,,,,,,,,,,,,,,,,,,,,,,,1,,,,,,,1,,,1,,,,,1,,,,,,,,,,,,,,,,,,,,,,,,,,,,,,,,,,,
America Central and South,Grenada,,,,,,,,,,,,,,1,,1,,,,,1,3,2,,1,,,1,,,1,,,1,,2,1,1,,,2,2,1,3,2,,,2,1,1,1,,3,,2,1,,,3,2,2,1,6,6,3,3,4,3,1,2,1,8,6,4,6,8,11,1,4,6,4,1,7,4,6,15,7,18,6,12
America Central and South,St Kitts and Nevis,,,,,,,,,,,,,,,,,1,,,,,,,,,,,1,,1,,,,,,,,1,,2,,1,,,,2,,,,,2,1,1,1,,,1,,1,1,1,2,,6,2,,,1,1,,7,,,1,,3,3,,2,,,1,,7,5,1,2,1,7,11
America Central and South,Aruba (Dutch),,,,,,,,,,,,,,,,,,,,,1,,,,,,,,,,,,,,,,,,,,,,,,,,,,,,,,,,,,,,,,,,,,,1,,,,,,,1,,,,,,,,,,,,,,,,,
Other,Christmas Island (Australian),,,,,,,,,,,,,,,,,,,,,,,1,,1,,,,,,,,,,,,,,,,,,,,,,1,,,,,,,,,,,,,,,,,,,,,,,,,,,,,,,,,,,,,,,,,,,
America Central and South,French Guiana (French),,,,,,,,,,,,,,,,,,,,,,,,,1,,,,,,,1,,,,,,,,,,,,,,,,,,,,,,,,,,,,,,1,,,,,,,,,,,,,,,,,,,,,,,,,,,,1
Europe Other,Kosovo,,,,,,,,,,,,,,,,,,,,,,,,,23,14,15,16,21,23,19,21,11,6,4,13,9,5,12,4,4,4,8,5,9,15,5,4,8,11,4,8,5,7,2,14,8,7,6,8,4,10,7,13,16,7,7,3,7,2,5,8,3,4,13,6,3,3,1,8,9,9,3,2,7,17,15,13,15,13
EU 14,Denmark,,,,,,,,,,,,,,,,,,,,,,,,,,1,,,,,,,,,,,,,,,,,,,,,,,,,,,,,,,,,,1,1,,,,,,,1,,,,,,,,,1,,1,,,,,1,,,1,,,
Oceania,Tuvalu,,,,,,,,,,,,,,,,,,,,,,,,,,,,,1,,,,,,,,,,,,,,,,,,,,,,,,,,,,,,,,,,,,,,,,,,,,,,,,,,,,,,,,,,,,,
EU 14,Finland,,,,,,,,,,,,,,,,,,,,,,,,,,,,,,,1,,,,,,,,,,,,,,,,,,,,,,,,,,,1,,,,,,,,,,,1,,,,,,,,,,,,,,,,1,,,,1,1
Europe Other,Montenegro,,,,,,,,,,,,,,,,,,,,,,,,,,,,,,,,,,,,,1,,,,,,,,,,,,,,,,,,,,,,,,,,,,,,,,,,,,,,,,,,,,,,,,,,,,,
America Central and South,Anguilla (British),,,,,,,,,,,,,,,,,,,,,,,,,,,,,,,,,,,,,,,,,,1,,,,,,,,,,,,,,,,,,,,,,,,,,,,,,,,,,,,,,,,,,,,,,,,
Oceania,Nauru,,,,,,,,,,,,,,,,,,,,,,,,,,,,,,,,,,,,,,,,,,1,3,,,,,,,,,,,,,,,,,,,,,,,,,,,,,,,,,,,,,,,,,,,,,,,
Africa Sub-Saharan,South Sudan,,,,,,,,,,,,,,,,,,,,,,,,,,,,,,,,,,,,,,,,,,,,,,,,,,,1,,11,6,1,1,5,3,,4,,1,3,1,2,3,12,12,8,4,7,3,5,3,13,6,5,11,24,7,7,31,33,24,9,36,65,37,14,60
Asia South East,East Timor,,,,,,,,,,,,,,,,,,,,,,,,,,,,,,,,,,,,,,,,,,,,,,,,,,,,,,,,,,,,2,,,,,1,,,3,,,,,,,,,1,,,1,,,,,,7,,6,3,2
America North,Bermuda (British),,,,,,,,,,,,,,,,,,,,,,,,,,,,,,,,,,,,,,,,,,,,,,,,,,,,,,,,,,,,,,,,1,,,,1,,,,,,,,,,,,,,,,,,,,,,
Oceania,Marshall Islands,,,,,,,,,,,,,,,,,,,,,,,,,,,,,,,,,,,,,,,,,,,,,,,,,,,,,,,,,,,,,,,,,,,,,,,,,,,,1,,,,,,,,,,,,,,
Oceania,Vanuatu,,,,,,,,,,,,,,,,,,,,,,,,,,,,,,,,,,,,,,,,,,,,,,,,,,,,,,,,,,,,,,,,,,,,,,,,,,,,,,,1,,,1,1,4,,1,1,,,3
Europe Other,San Marino,,,,,,,,,,,,,,,,,,,,,,,,,,,,,,,,,,,,,,,,,,,,,,,,,,,,,,,,,,,,,,,,,,,,,,,,,,,,,,,,,1,,,,,,,,,
EU 14,Luxembourg,,,,,,,,,,,,,,,,,,,,,,,,,,,,,,,,,,,,,,,,,,,,,,,,,,,,,,,,,,,,,,,,,,,,,,,,,,,,,,,,,,,1,,,,,,,
Asia South East,Brunei,,,,,,,,,,,,,,,,,,,,,,,,,,,,,,,,,,,,,,,,,,,,,,,,,,,,,,,,,,,,,,,,,,,,,,,,,,,,,,,,,,,,,,1,,,,
