Date,France,Romania,Brazil,India,Albania,Afghanistan,Algeria,American Samoa,Angola,Antigua and Barbuda,Argentina,Armenia,Australia,Austria,Azerbaijan,"Bahamas, The",Bangladesh,Barbados,Belarus,Belgium,Bolivia,Botswana,Brunei,Bulgaria,Burma,Cameroon,Canada,Cape Verde,Chile,China,Colombia,Congo,Congo (Democratic Republic),Costa Rica,Croatia,Cuba,Cyprus,Czech Republic,Denmark,Dominica,Ecuador,Egypt,Equatorial Guinea,Estonia,Ethiopia,Faroe Islands,Finland,Gabon,"Gambia, The",Georgia,Germany,Ghana,Gibraltar (British),Greece,Grenada,Guatemala,Guinea,Guinea-Bissau,Guyana,Honduras,Hong Kong,Hungary,Iceland,Indonesia,Iran,Iraq,Ireland,Israel,Italy,Ivory Coast,Jamaica,Japan,Jordan,Kazakhstan,Kenya,Korea (North),Korea (South),Kuwait,Kyrgyzstan,Latvia,Lebanon,Lesotho,Liberia,Libya,Lithuania,Luxembourg,Macau,Macedonia,Malawi,Malaysia,Maldives,Malta,Mauritius,Mexico,Moldova,Mongolia,Morocco,Mozambique,Namibia,Nepal,Netherlands,New Zealand,Nicaragua,Niger,Nigeria,Norway,Oman,Other and unknown,Pakistan,Panama,Papua New Guinea,Paraguay,Peru,Philippines,Poland,Portugal,Qatar,Russia,Rwanda,Saudi Arabia,Senegal,Serbia and Montenegro,Seychelles,Sierra Leone,Singapore,Slovakia,Slovenia,Solomon Islands,Somalia,South Africa,Spain,Sri Lanka,St. Kitts and Nevis,St. Lucia,St. Vincent and the Grenadines,Sudan,Swaziland,Sweden,Switzerland,Syria,Taiwan,Tanzania,Thailand,Togo,Trinidad and Tobago,Tunisia,Turkey,Turkmenistan,Uganda,Ukraine,United Arab Emirates,United States,Uruguay,Uzbekistan,Venezuela,Vietnam,Yemen,Zambia,Zimbabwe,Bahrain,Benin,Bosnia and Herzegovina,Chad,Dominican Republic,El Salvador,Fiji,Mali,Mauritania,Nauru,Occupied Palestinian Territories,Tajikistan,Belize,Burkina,Burundi,Central African Republic,Comoros,Netherlands Antilles,Tonga,Virgin Islands (US),Cambodia,Laos,Puerto Rico,Djibouti,East Timor,Madagascar,Eritrea,Haiti,Bermuda (British),Sao Tome and Principe,Surinam,Turks and Caicos Islands (British),Virgin Islands (British),Samoa,Aruba,Monaco,Bhutan,Former Yugoslavia,French Guiana,Kosovo,Norfolk Island,Serbia,Cayman Islands (British),Montserrat (British),Cyprus (Northern part of),Anguilla (British),Montenegro,Western Sahara,Tuvalu,Greenland,Christmas Island,Andorra,Mayotte,Kiribati,St. Martin (French Part),Sudan (South),Cook Islands,Curacao,Jersey,St. Maarten (Dutch Part),Guadeloupe,San Marino,Northern Mariana Islands,British overseas citizens
2004-01-01,4815,424,991,194,326,132,80,1,25,13,21,4,54,121,6,1,176,24,26,123,118,16,2,43,4,21,73,1,24,73,81,9,3,2,39,3,34,392,38,5,105,18,1,58,14,1,15,3,25,23,282,314,1,56,13,6,11,4,9,2,95,63,3,12,70,127,136,30,249,22,670,30,10,1,92,2,68,2,5,194,7,2,10,13,526,1,3,5,122,309,2,2,74,35,36,37,13,4,13,48,251,21,5,2,213,16,1,427,280,1,2,4,3,28,1204,66,1,70,13,1,10,458,20,27,27,139,5,2,5,479,276,131,5,26,11,5,2,69,54,7,2,24,27,3,64,9,67,6,102,158,48,322,2,18,51,1,13,12,56,NA,NA,NA,NA,NA,NA,NA,NA,NA,NA,NA,NA,NA,NA,NA,NA,NA,NA,NA,NA,NA,NA,NA,NA,NA,NA,NA,NA,NA,NA,NA,NA,NA,NA,NA,NA,NA,NA,NA,NA,NA,NA,NA,NA,NA,NA,NA,NA,NA,NA,NA,NA,NA,NA,NA,NA,NA,NA,NA,NA,NA,NA,NA,NA
2004-04-01,3208,361,1003,186,381,166,55,NA,25,10,22,3,48,96,10,NA,145,20,12,130,108,19,NA,31,2,27,102,NA,22,83,79,5,6,4,29,NA,20,136,23,8,78,27,NA,20,4,NA,11,18,31,21,246,306,NA,49,18,6,11,2,7,2,115,27,2,10,48,66,138,40,274,36,698,42,10,2,77,1,39,4,6,77,9,2,6,15,160,3,1,15,132,328,4,7,96,34,54,52,8,1,17,20,221,31,2,NA,259,20,3,358,286,2,NA,8,17,26,356,71,1,63,7,4,4,492,16,13,31,48,2,NA,9,493,267,139,2,40,9,10,1,51,33,10,2,18,45,7,75,11,93,2,101,156,6,299,NA,6,38,8,2,9,54,2,1,3,1,5,2,2,3,1,1,1,1,NA,NA,NA,NA,NA,NA,NA,NA,NA,NA,NA,NA,NA,NA,NA,NA,NA,NA,NA,NA,NA,NA,NA,NA,NA,NA,NA,NA,NA,NA,NA,NA,NA,NA,NA,NA,NA,NA,NA,NA,NA,NA,NA,NA,NA,NA,NA,NA,NA,NA,NA,NA
2004-07-01,3084,405,869,199,366,154,75,NA,24,21,20,2,67,98,14,18,152,22,14,125,120,17,2,37,3,17,110,NA,11,62,91,12,10,1,35,12,11,15,19,10,65,25,NA,4,9,2,9,1,27,18,281,266,NA,108,14,1,5,7,14,3,134,6,5,3,73,94,119,94,279,19,543,57,11,7,67,1,66,6,15,18,14,1,18,8,6,6,3,10,120,298,1,5,125,44,31,34,13,1,21,37,207,30,2,NA,273,29,NA,281,234,3,1,2,15,30,9,75,1,47,10,4,4,545,17,19,30,14,1,NA,7,526,294,158,4,52,18,7,1,53,55,24,5,26,24,13,84,9,132,1,80,123,12,539,2,12,49,10,8,11,68,1,4,2,5,9,NA,5,3,NA,NA,5,NA,1,1,2,1,2,1,2,1,NA,NA,NA,NA,NA,NA,NA,NA,NA,NA,NA,NA,NA,NA,NA,NA,NA,NA,NA,NA,NA,NA,NA,NA,NA,NA,NA,NA,NA,NA,NA,NA,NA,NA,NA,NA,NA,NA,NA,NA,NA,NA,NA,NA
2004-10-01,3301,515,1108,235,226,145,57,NA,51,18,26,3,56,71,28,NA,204,24,18,131,121,25,1,47,2,13,112,NA,18,63,81,19,15,5,35,1,7,9,30,6,45,29,NA,3,10,1,4,NA,28,27,327,319,NA,83,42,3,6,3,8,2,136,17,NA,1,73,155,122,97,272,11,568,45,20,4,38,1,53,NA,6,20,16,2,16,12,10,3,NA,4,176,345,1,14,140,51,23,36,14,3,33,45,219,35,1,1,552,21,1,256,329,2,NA,12,6,29,16,103,3,49,11,9,5,412,17,15,37,15,NA,NA,11,514,273,105,3,35,19,15,1,64,51,11,1,26,39,9,75,6,88,2,112,125,27,415,5,11,62,5,8,10,96,2,4,4,3,NA,NA,3,2,NA,NA,NA,1,NA,NA,1,NA,NA,1,1,NA,1,1,1,NA,NA,NA,NA,NA,NA,NA,NA,NA,NA,NA,NA,NA,NA,NA,NA,NA,NA,NA,NA,NA,NA,NA,NA,NA,NA,NA,NA,NA,NA,NA,NA,NA,NA,NA,NA,NA,NA,NA,NA,NA
2005-01-01,2607,431,872,240,244,198,52,1,43,13,29,4,68,81,17,2,204,28,14,159,107,18,2,52,3,16,90,NA,19,105,99,24,13,4,29,3,7,19,25,6,77,23,1,3,8,1,6,NA,38,19,244,415,NA,59,19,5,6,4,14,NA,127,18,NA,3,93,150,140,56,276,5,488,47,11,8,57,NA,62,6,16,10,9,NA,15,21,9,2,1,16,135,359,1,4,94,52,32,39,17,NA,24,56,175,31,2,NA,722,23,6,216,337,5,NA,16,8,33,12,82,10,51,1,6,6,361,10,13,38,27,2,NA,9,522,240,109,1,22,24,9,1,51,41,15,3,31,56,6,83,6,114,1,129,132,31,403,2,8,47,6,6,24,173,2,2,3,12,3,1,4,2,NA,NA,1,2,1,3,12,1,NA,1,1,NA,NA,NA,NA,1,2,1,NA,NA,NA,NA,NA,NA,NA,NA,NA,NA,NA,NA,NA,NA,NA,NA,NA,NA,NA,NA,NA,NA,NA,NA,NA,NA,NA,NA,NA,NA,NA,NA,NA,NA,NA,NA,NA,NA
2005-04-01,2713,467,985,261,275,229,91,1,52,10,17,2,69,57,17,NA,175,23,9,234,71,15,NA,53,2,15,103,NA,23,110,66,13,8,3,42,3,7,7,38,3,67,42,NA,4,4,NA,10,NA,19,31,241,336,3,76,21,7,6,7,14,4,115,10,NA,10,105,108,115,57,328,8,455,31,15,3,42,NA,42,5,4,13,16,1,3,16,7,5,2,12,121,371,1,9,104,31,22,46,13,1,22,35,174,27,1,4,597,24,2,209,359,3,NA,6,6,55,15,94,1,52,4,9,6,468,13,26,45,16,3,NA,5,444,280,139,4,41,18,17,5,39,42,18,1,38,89,12,68,4,155,3,84,112,21,339,2,11,40,6,2,9,177,2,4,7,2,NA,1,1,3,NA,NA,NA,NA,2,2,2,NA,1,NA,NA,NA,NA,NA,NA,1,2,NA,1,1,NA,NA,NA,NA,NA,NA,NA,NA,NA,NA,NA,NA,NA,NA,NA,NA,NA,NA,NA,NA,NA,NA,NA,NA,NA,NA,NA,NA,NA,NA,NA,NA,NA,NA,NA,NA
2005-07-01,2338,316,794,382,367,260,105,NA,35,15,10,11,70,74,19,2,159,26,19,148,66,17,3,48,2,15,136,NA,14,164,103,15,26,2,35,5,5,16,29,8,69,38,1,3,29,NA,5,NA,28,33,235,255,1,99,32,4,6,1,12,1,117,17,3,8,124,216,130,90,301,6,478,37,18,9,44,NA,69,13,7,13,47,NA,3,33,11,NA,3,20,115,372,3,9,109,53,38,54,9,4,47,33,159,29,NA,2,963,27,10,325,539,2,NA,7,12,83,15,71,13,76,3,27,7,451,9,29,37,11,4,NA,4,461,304,132,5,32,17,20,3,47,33,21,3,23,37,20,81,8,320,2,109,127,32,444,1,13,35,16,10,24,87,6,8,10,6,NA,6,5,3,3,NA,3,NA,NA,1,2,1,NA,NA,1,NA,NA,NA,2,NA,NA,NA,NA,NA,NA,NA,NA,NA,NA,NA,NA,NA,NA,NA,NA,NA,NA,NA,NA,NA,NA,NA,NA,NA,NA,NA,NA,NA,NA,NA,NA,NA,NA,NA,NA,NA,NA,NA,NA,NA
2005-10-01,2772,308,1239,372,279,251,78,2,60,14,8,4,70,58,15,1,127,27,25,192,132,21,3,41,4,14,126,3,10,99,108,13,17,5,25,5,6,26,26,4,51,38,NA,7,24,NA,6,NA,21,28,177,238,1,69,15,4,12,NA,4,8,113,18,2,6,115,346,163,51,361,5,462,37,15,13,51,NA,61,2,6,8,19,4,5,18,13,1,NA,7,136,419,NA,11,141,60,44,38,9,6,35,45,148,25,3,3,927,24,2,199,681,8,NA,13,5,58,21,129,5,72,NA,10,6,379,16,30,25,12,2,1,4,539,321,140,4,35,10,12,NA,38,51,23,5,19,49,12,92,8,377,3,145,106,26,358,1,9,38,45,7,11,79,6,4,6,3,NA,1,3,2,1,NA,5,NA,1,1,NA,1,NA,NA,1,NA,NA,1,NA,2,NA,NA,NA,NA,3,2,2,3,2,NA,NA,NA,NA,NA,NA,NA,NA,NA,NA,NA,NA,NA,NA,NA,NA,NA,NA,NA,NA,NA,NA,NA,NA,NA,NA,NA,NA,NA,NA,NA
2006-01-01,2706,338,896,439,349,278,80,4,33,10,20,6,64,45,31,4,171,25,25,155,89,14,3,58,3,19,114,1,18,112,102,26,21,2,30,3,9,20,22,3,51,34,NA,3,21,NA,3,NA,45,38,186,231,NA,69,15,3,5,3,6,1,114,42,2,9,124,620,235,74,335,11,423,50,23,1,58,NA,81,5,6,17,18,NA,6,29,18,4,NA,15,113,410,1,14,155,56,26,55,16,2,31,74,156,30,3,2,829,37,4,169,661,1,NA,17,15,44,21,79,10,69,8,2,1,349,9,32,42,12,5,NA,5,434,231,246,2,30,13,17,2,28,57,37,5,36,46,12,65,14,506,3,116,110,28,431,4,11,31,28,9,13,75,2,3,5,4,5,4,NA,6,1,NA,2,NA,2,2,3,NA,NA,NA,1,1,1,NA,NA,NA,1,1,1,NA,NA,1,NA,NA,NA,1,NA,NA,NA,NA,NA,NA,NA,NA,NA,NA,NA,NA,NA,NA,NA,NA,NA,NA,NA,NA,NA,NA,NA,NA,NA,NA,NA,NA,NA,NA
2006-04-01,2635,311,857,535,361,222,132,NA,52,6,24,3,85,36,22,7,190,25,13,221,115,14,2,34,1,27,121,1,22,175,88,22,28,2,69,1,30,22,21,7,63,32,NA,3,32,NA,8,NA,33,33,169,226,1,62,25,3,6,2,12,1,106,27,3,4,153,729,213,86,340,9,412,56,29,6,67,NA,53,4,7,10,19,NA,4,31,7,3,NA,18,46,492,NA,21,111,61,52,74,18,NA,55,78,138,39,2,1,751,13,8,166,776,NA,NA,11,15,65,13,84,11,85,1,17,7,262,10,34,48,11,6,NA,14,464,298,240,2,30,10,20,NA,36,59,36,9,20,71,8,80,14,553,2,116,116,32,432,5,11,41,94,4,19,90,6,1,1,5,1,1,3,2,NA,NA,NA,NA,NA,NA,2,1,NA,2,NA,NA,1,NA,NA,NA,NA,NA,NA,NA,NA,NA,NA,NA,NA,1,1,NA,NA,NA,NA,NA,NA,NA,NA,NA,NA,NA,NA,NA,NA,NA,NA,NA,NA,NA,NA,NA,NA,NA,NA,NA,NA,NA,NA,NA
2006-07-01,3170,258,564,480,562,229,82,NA,13,26,12,2,84,27,10,5,147,24,14,186,48,19,1,44,3,20,172,NA,8,192,76,11,25,7,42,6,20,24,27,9,47,34,NA,4,22,NA,13,1,35,24,196,221,NA,58,24,3,6,1,11,7,104,18,2,9,124,179,317,72,351,12,318,40,26,4,55,1,100,3,NA,17,14,NA,5,31,11,1,2,9,56,404,1,20,142,50,35,40,14,NA,55,86,159,25,NA,NA,683,27,6,176,722,7,NA,6,8,55,22,97,8,71,3,6,5,204,13,35,38,6,4,NA,8,439,297,164,4,43,18,12,2,38,36,37,10,27,62,8,91,12,418,2,96,118,42,547,2,10,44,26,17,25,88,2,5,7,6,4,1,4,3,NA,NA,1,1,3,NA,3,3,NA,NA,2,NA,NA,NA,NA,NA,NA,NA,NA,1,1,NA,NA,NA,NA,NA,NA,1,NA,NA,NA,NA,NA,NA,NA,NA,NA,NA,NA,NA,NA,NA,NA,NA,NA,NA,NA,NA,NA,NA,NA,NA,NA,NA,NA,NA
2006-10-01,3292,324,1055,707,416,247,97,NA,38,15,25,3,81,38,9,7,198,28,21,179,58,23,2,45,15,13,143,NA,16,173,129,19,51,5,69,2,10,22,26,4,47,27,NA,5,33,1,3,NA,40,43,149,219,1,53,30,2,7,1,8,3,121,14,1,12,147,267,277,73,358,16,357,35,14,9,68,1,93,4,5,18,24,2,4,20,13,2,NA,7,53,397,2,17,122,53,33,54,13,NA,57,73,176,25,2,2,775,19,11,177,763,3,NA,31,14,79,16,129,7,73,6,14,5,186,13,35,40,6,3,NA,25,500,431,183,3,28,16,39,3,24,47,25,5,36,56,8,95,15,452,4,113,92,35,467,1,10,40,26,9,25,202,6,3,9,1,10,NA,3,4,NA,NA,1,1,NA,4,1,NA,NA,NA,NA,NA,1,NA,1,1,1,2,NA,NA,NA,NA,1,NA,NA,NA,NA,NA,2,NA,NA,NA,NA,NA,NA,NA,NA,NA,NA,NA,NA,NA,NA,NA,NA,NA,NA,NA,NA,NA,NA,NA,NA,NA,NA,NA
2007-01-01,2430,19,929,737,341,271,75,NA,29,13,23,3,102,31,16,1,243,31,14,111,85,17,3,1,5,53,149,3,19,249,79,9,72,3,58,8,11,17,11,5,60,25,NA,4,31,1,5,2,55,29,146,176,1,49,20,7,6,2,7,1,120,8,2,24,144,166,269,79,338,10,346,37,14,1,76,NA,100,6,4,29,23,NA,5,26,10,3,1,11,60,357,1,12,115,77,43,32,16,1,62,48,135,31,4,2,759,14,6,551,792,NA,1,12,9,112,40,93,32,79,NA,7,8,NA,16,50,31,6,NA,NA,5,409,379,161,4,25,13,23,5,40,51,14,4,26,86,15,80,12,508,2,99,99,73,489,3,10,32,91,9,25,104,5,3,10,1,2,7,1,1,NA,NA,1,1,2,1,4,NA,NA,NA,NA,NA,NA,NA,1,NA,1,NA,3,NA,NA,NA,NA,NA,NA,NA,1,NA,NA,11,1,153,1,12,NA,NA,NA,NA,NA,NA,NA,NA,NA,NA,NA,NA,NA,NA,NA,NA,NA,NA,NA,NA,NA,NA
2007-04-01,2614,21,879,703,336,314,122,2,26,24,19,6,96,29,8,2,294,26,23,173,70,11,NA,2,1,65,180,1,18,266,77,15,46,3,45,2,8,12,14,5,46,45,2,6,33,NA,2,2,50,31,152,211,1,59,29,3,9,2,10,2,130,9,4,16,178,186,276,92,296,20,344,33,28,6,81,NA,62,10,3,30,39,NA,7,37,12,3,2,10,65,415,NA,5,172,54,75,39,24,2,57,64,184,43,10,1,691,31,7,575,741,1,1,9,4,97,25,107,23,57,3,18,10,NA,21,64,49,8,2,NA,18,456,314,190,4,41,12,33,2,28,50,30,6,41,77,7,96,9,398,9,97,95,63,463,2,13,42,43,9,20,111,7,3,1,1,1,4,4,1,NA,NA,6,NA,1,NA,5,NA,NA,NA,NA,NA,NA,1,NA,3,NA,1,2,NA,3,NA,NA,NA,NA,NA,NA,NA,1,21,NA,161,NA,11,2,1,NA,NA,NA,NA,NA,NA,NA,NA,NA,NA,NA,NA,NA,NA,NA,NA,NA,NA,NA,NA
2007-07-01,2922,22,927,720,439,195,112,NA,31,41,18,7,111,29,6,NA,294,27,20,178,114,12,3,3,5,67,183,1,8,293,76,17,28,2,40,6,8,14,26,13,61,50,NA,7,48,NA,13,3,46,25,169,248,NA,73,21,NA,10,3,19,NA,151,10,5,16,150,112,262,84,276,18,377,35,42,4,81,1,52,11,4,16,36,5,11,39,15,2,1,15,65,379,3,8,156,75,88,45,15,4,73,34,140,38,5,NA,718,17,8,728,753,1,2,8,7,102,36,108,31,79,7,11,19,NA,14,58,68,11,3,NA,14,457,312,188,4,36,21,14,4,24,57,25,9,50,105,4,81,11,391,11,92,141,90,642,NA,18,50,108,8,24,111,10,1,4,2,8,2,3,2,NA,NA,10,NA,NA,1,8,NA,NA,NA,2,NA,NA,NA,NA,NA,NA,1,5,NA,2,NA,NA,NA,1,NA,NA,NA,2,14,NA,127,NA,5,NA,NA,NA,NA,NA,NA,NA,NA,NA,NA,NA,NA,NA,NA,NA,NA,NA,NA,NA,NA,NA,NA
2007-10-01,3284,31,995,867,306,213,98,2,24,29,24,4,107,23,7,4,343,34,16,219,125,14,4,6,6,72,145,1,28,348,74,9,37,4,42,7,14,27,24,8,36,56,1,6,39,1,10,3,57,26,166,299,NA,97,18,7,8,NA,8,7,148,9,2,25,128,98,228,98,400,18,402,49,30,6,105,NA,123,8,8,13,31,3,8,50,11,6,NA,8,76,405,5,7,154,60,64,40,18,2,64,66,114,20,5,NA,825,30,9,738,769,1,NA,12,9,126,31,125,42,69,7,30,6,NA,17,57,68,7,6,1,14,504,283,105,9,56,14,15,9,25,67,31,6,27,126,8,92,14,305,12,102,97,66,511,1,13,43,133,6,43,107,7,14,1,NA,4,3,9,2,NA,NA,9,NA,NA,2,9,1,NA,NA,4,NA,NA,1,NA,1,NA,NA,1,NA,NA,NA,1,NA,NA,NA,2,NA,NA,19,NA,94,NA,6,1,NA,NA,NA,NA,NA,NA,NA,NA,NA,NA,NA,NA,NA,NA,NA,NA,NA,NA,NA,NA,NA
2008-01-01,3351,50,1002,1031,215,242,93,1,27,12,25,7,94,25,8,2,429,36,16,173,107,7,8,2,9,45,150,1,17,484,52,8,35,3,53,5,14,14,38,11,32,54,NA,3,37,1,17,1,45,15,161,257,2,85,21,11,4,1,6,2,151,17,2,18,164,197,214,95,374,23,343,33,32,6,73,NA,68,13,2,13,22,3,9,28,16,NA,1,10,63,439,2,5,157,81,24,33,30,1,52,50,148,25,2,1,816,27,1,851,866,3,2,28,8,159,38,117,24,66,4,24,7,NA,12,54,108,10,3,NA,11,387,238,132,4,27,21,12,11,20,55,14,5,37,131,13,83,7,338,11,105,66,76,621,NA,18,26,121,15,26,88,9,4,6,6,4,2,4,2,NA,NA,1,NA,2,1,8,5,NA,NA,NA,NA,NA,NA,1,2,NA,NA,5,NA,NA,NA,NA,NA,NA,NA,NA,NA,NA,16,NA,70,NA,7,NA,NA,1,NA,NA,NA,NA,NA,NA,NA,NA,NA,NA,NA,NA,NA,NA,NA,NA,NA,NA,NA
2008-04-01,2707,30,856,862,238,253,119,NA,30,21,22,6,115,20,11,10,346,36,9,189,123,5,1,7,10,34,185,2,20,435,78,13,23,2,40,NA,10,17,36,2,48,51,NA,3,39,NA,7,3,53,15,154,278,1,96,23,5,6,2,13,3,140,12,1,13,134,217,181,81,408,18,435,29,24,6,89,3,64,14,2,15,30,1,7,49,20,3,2,6,71,469,2,12,162,76,34,44,16,2,40,43,123,46,2,NA,856,42,2,649,691,1,NA,1,6,127,28,79,22,34,3,26,4,NA,13,28,56,13,NA,NA,13,415,228,102,3,42,16,13,5,27,61,7,8,34,100,1,76,9,300,6,103,111,62,596,NA,17,32,143,7,30,112,8,5,1,4,5,3,3,NA,NA,NA,1,1,2,2,4,NA,NA,NA,1,NA,NA,NA,NA,3,NA,1,3,NA,2,3,2,NA,NA,NA,NA,NA,NA,11,2,76,NA,4,NA,NA,NA,2,1,NA,NA,NA,NA,NA,NA,NA,NA,NA,NA,NA,NA,NA,NA,NA,NA,NA
2008-07-01,3416,36,811,865,353,178,118,1,29,12,18,4,106,15,4,5,600,16,11,190,95,13,5,8,14,29,230,1,23,447,82,6,15,4,39,2,7,27,24,7,39,71,NA,8,72,1,11,NA,38,28,171,376,1,88,19,3,8,1,13,5,133,14,3,19,179,229,238,91,394,15,448,35,35,9,123,4,73,25,7,14,41,3,5,159,20,1,NA,6,95,424,NA,14,200,76,18,40,35,2,46,76,120,44,3,1,876,25,3,937,738,3,NA,4,8,145,36,102,33,69,5,27,26,NA,10,41,69,15,1,NA,7,416,235,123,5,46,18,20,3,38,57,8,5,47,118,2,78,16,356,13,122,91,80,743,4,22,39,179,17,32,130,13,6,2,NA,4,2,5,2,NA,NA,7,1,3,1,5,NA,NA,NA,1,1,1,NA,1,NA,NA,NA,4,NA,3,NA,NA,NA,1,1,NA,NA,NA,13,1,90,NA,2,2,NA,NA,NA,2,NA,NA,NA,NA,NA,NA,NA,NA,NA,NA,NA,NA,NA,NA,NA,NA,NA
2008-10-01,3925,26,1220,1112,215,211,130,NA,32,10,10,1,117,18,7,NA,282,40,18,177,205,9,6,3,6,34,157,2,13,429,54,14,17,5,34,NA,5,17,23,12,31,57,NA,5,29,NA,12,NA,26,16,153,216,5,89,17,3,8,1,4,NA,103,14,3,6,126,270,185,112,339,10,316,34,13,4,97,2,62,21,4,14,19,3,4,95,28,NA,1,3,87,370,2,10,153,80,26,27,26,1,42,42,127,46,3,2,646,14,5,827,649,4,NA,6,6,118,58,107,27,44,8,31,13,NA,6,21,44,12,5,NA,4,374,301,107,4,40,6,19,5,33,43,15,8,38,80,NA,66,4,237,12,101,104,53,614,3,19,23,128,7,31,70,12,4,1,1,5,1,5,3,NA,NA,1,1,1,1,2,1,NA,NA,8,NA,NA,1,1,NA,NA,1,6,NA,2,1,3,NA,NA,NA,NA,NA,NA,5,NA,47,NA,4,1,NA,NA,NA,3,NA,NA,NA,NA,NA,NA,NA,NA,NA,NA,NA,NA,NA,NA,NA,NA,NA
2009-01-01,3625,30,1130,1236,169,201,114,1,23,7,17,3,103,29,4,2,313,14,5,120,162,11,1,5,6,31,150,NA,9,759,60,8,27,2,17,3,8,20,24,5,26,64,NA,5,26,NA,18,NA,39,27,122,222,2,85,22,2,7,NA,11,4,110,10,3,9,130,321,197,56,297,16,279,33,25,4,79,3,54,28,4,9,20,NA,1,32,17,1,1,7,105,375,3,10,131,75,22,34,18,1,45,52,89,37,3,6,597,16,5,887,726,5,NA,5,9,128,39,90,48,40,3,29,16,NA,8,19,38,7,1,NA,6,320,224,183,2,30,8,16,7,27,38,20,13,31,102,3,47,9,179,14,89,78,75,710,3,18,20,158,12,23,81,9,5,8,1,1,NA,7,3,NA,NA,5,3,NA,1,1,NA,NA,NA,5,NA,NA,NA,1,NA,NA,1,1,NA,1,2,NA,NA,NA,NA,NA,NA,NA,7,NA,42,NA,2,3,NA,NA,NA,2,NA,NA,NA,NA,NA,NA,NA,NA,NA,NA,NA,NA,NA,NA,NA,NA,NA
2009-04-01,3561,42,886,1163,177,316,84,5,24,20,20,2,123,23,4,2,260,30,9,148,188,13,2,9,6,25,173,NA,14,846,35,17,43,4,24,3,10,18,28,10,23,50,1,6,27,1,9,NA,33,31,163,212,4,52,20,3,7,NA,10,3,120,10,NA,15,138,288,180,46,291,12,222,53,27,2,106,NA,75,29,1,16,24,2,2,41,14,3,NA,6,105,338,4,19,132,56,34,53,23,1,43,41,118,34,3,1,600,47,5,850,712,NA,NA,19,3,108,48,79,41,33,NA,48,8,NA,11,28,59,8,1,NA,14,287,220,100,4,22,19,19,6,30,45,21,25,38,90,3,80,9,211,8,92,95,142,816,5,34,20,125,6,42,69,17,3,2,2,2,5,5,1,NA,1,2,1,1,NA,5,NA,NA,NA,NA,NA,NA,NA,2,1,NA,NA,6,NA,1,1,NA,NA,NA,NA,NA,NA,NA,6,NA,59,NA,4,2,1,NA,NA,NA,1,NA,NA,NA,NA,NA,NA,NA,NA,NA,NA,NA,NA,NA,NA,NA,NA
2009-07-01,3952,65,905,1335,205,357,91,1,19,12,14,2,118,31,3,4,266,28,9,177,78,9,NA,8,7,44,209,NA,25,809,43,12,31,2,32,1,10,21,26,9,45,61,1,1,45,NA,10,NA,27,26,200,258,1,141,21,2,4,1,8,NA,117,17,12,11,112,332,312,89,309,22,316,72,13,3,94,NA,64,36,5,16,25,3,1,64,24,5,NA,1,114,315,10,12,152,72,22,71,30,3,33,46,197,49,1,NA,573,28,10,1035,779,3,1,4,1,89,50,82,61,50,7,65,7,NA,14,33,44,10,4,NA,10,256,241,110,4,36,19,10,3,38,37,15,21,31,116,2,63,13,269,22,103,134,215,828,2,37,17,153,16,30,103,23,2,NA,3,NA,1,7,2,NA,NA,8,NA,NA,NA,3,NA,NA,NA,NA,NA,2,NA,2,NA,NA,2,2,NA,1,1,NA,1,NA,NA,NA,NA,NA,4,NA,51,NA,6,NA,NA,NA,NA,NA,NA,1,NA,NA,NA,NA,NA,NA,NA,NA,NA,NA,NA,NA,NA,NA,NA
2009-10-01,2691,68,1381,1491,184,326,73,1,15,21,11,NA,73,16,5,3,297,31,6,173,127,14,3,18,2,42,175,NA,28,786,77,16,28,3,28,5,6,19,29,7,30,52,1,5,22,2,15,1,40,26,125,248,1,36,18,7,3,1,7,20,126,17,2,14,108,217,287,111,271,14,262,46,24,13,125,4,60,20,7,34,12,1,3,115,26,3,2,4,118,267,18,10,180,57,17,29,29,8,27,49,114,33,2,NA,680,18,23,1190,820,4,1,6,10,112,56,94,58,59,1,56,5,NA,9,8,43,10,2,NA,7,245,238,131,5,40,20,12,3,41,50,12,19,45,127,1,72,7,212,21,88,104,221,680,1,34,23,167,4,28,125,16,1,2,1,5,1,2,2,1,NA,10,NA,NA,1,3,NA,NA,NA,1,NA,4,NA,NA,1,NA,NA,NA,NA,NA,1,1,NA,NA,NA,NA,NA,1,7,NA,61,2,10,2,NA,NA,NA,2,NA,NA,NA,NA,NA,NA,NA,NA,NA,NA,NA,NA,NA,NA,NA,NA,NA
2010-01-01,1486,41,1113,1775,153,456,58,1,15,10,6,6,76,22,6,3,458,21,7,141,142,14,4,8,10,28,135,NA,21,1033,63,8,18,6,23,1,8,13,21,10,30,60,NA,4,27,NA,9,NA,38,36,145,199,2,36,17,6,8,NA,13,2,136,11,9,11,70,152,199,68,229,14,185,61,13,14,77,2,63,22,10,18,12,1,3,109,26,5,1,5,102,288,6,1,163,75,17,38,27,1,24,76,142,31,NA,1,781,25,7,880,922,2,8,132,7,130,47,60,55,58,2,51,17,NA,11,28,59,15,4,NA,10,201,197,193,4,39,7,16,5,32,41,26,30,47,136,1,57,15,205,22,91,92,250,639,NA,48,10,260,11,40,154,28,4,3,NA,7,2,2,7,3,2,3,3,1,NA,6,NA,NA,NA,NA,NA,2,NA,2,NA,NA,NA,1,NA,NA,NA,NA,NA,NA,NA,NA,NA,1,3,NA,30,NA,9,NA,NA,NA,NA,1,NA,NA,NA,NA,NA,NA,NA,NA,NA,NA,NA,NA,NA,NA,NA,NA,NA
2010-04-01,1628,49,715,1712,110,301,82,NA,19,10,13,2,71,8,10,3,421,23,7,135,92,10,4,8,5,38,190,NA,20,940,62,3,3,4,19,4,6,21,26,3,29,40,NA,3,33,NA,9,NA,41,25,121,201,NA,26,16,5,11,1,6,NA,160,10,12,10,69,130,208,56,369,12,184,61,24,15,78,5,90,21,9,31,6,NA,2,102,36,5,NA,4,106,328,6,7,203,58,22,55,34,1,24,67,168,26,13,NA,697,32,19,765,878,4,NA,5,6,126,74,74,56,60,1,93,18,NA,NA,21,58,15,2,NA,4,146,151,118,2,43,5,4,4,23,44,19,26,40,118,1,54,14,252,24,70,123,270,554,1,65,19,216,5,32,83,13,2,3,NA,6,1,7,NA,NA,NA,NA,1,NA,1,3,NA,1,NA,1,NA,1,NA,NA,NA,NA,1,NA,1,NA,1,NA,NA,NA,NA,NA,NA,NA,6,NA,27,NA,6,NA,NA,NA,1,NA,NA,NA,NA,NA,NA,NA,NA,NA,NA,NA,NA,NA,NA,NA,NA,NA,NA
2010-07-01,1569,75,686,1531,118,378,75,1,12,10,21,5,84,21,3,3,399,31,16,134,111,29,NA,16,9,16,141,1,23,913,60,6,19,3,27,3,5,14,23,6,10,58,1,7,22,3,8,NA,41,15,174,249,4,22,15,1,6,NA,6,14,157,23,8,16,80,175,287,54,323,10,220,56,15,13,70,NA,73,30,9,18,11,NA,6,119,34,2,1,2,123,293,10,5,210,68,17,47,41,2,25,58,153,40,3,1,790,45,19,811,869,1,1,7,6,126,78,65,65,71,4,101,13,NA,2,22,43,12,2,NA,5,215,205,143,6,41,16,12,4,35,51,27,23,39,142,1,62,15,199,10,74,166,261,765,1,73,11,200,15,38,77,18,5,4,NA,4,NA,7,3,NA,NA,8,NA,NA,1,6,NA,NA,NA,NA,1,NA,NA,NA,1,NA,NA,NA,NA,1,1,NA,NA,1,NA,NA,NA,2,3,1,23,NA,1,1,NA,NA,NA,NA,NA,NA,1,NA,NA,NA,NA,NA,NA,NA,NA,NA,NA,NA,NA,NA,NA
2010-10-01,1365,73,603,1663,108,333,54,NA,7,15,5,7,63,19,1,4,415,15,14,121,78,18,3,10,8,28,141,1,20,684,56,9,21,6,18,1,3,22,17,7,33,60,1,8,37,NA,6,NA,63,17,135,253,1,11,18,1,4,1,1,6,130,11,5,13,72,128,214,92,236,7,207,53,10,8,92,1,63,23,5,19,10,NA,6,156,38,1,1,NA,100,227,5,1,136,48,22,50,33,2,24,46,172,20,1,NA,802,26,5,872,801,3,NA,6,8,140,78,86,78,54,4,91,12,NA,8,31,40,14,3,NA,3,155,173,178,3,20,7,21,1,46,56,24,17,45,109,1,75,9,190,16,78,170,314,576,NA,68,18,213,7,25,113,13,2,1,1,2,NA,3,5,NA,NA,2,1,1,NA,5,NA,NA,NA,NA,NA,2,NA,1,NA,NA,NA,NA,NA,2,NA,NA,NA,NA,NA,NA,NA,NA,5,1,14,NA,5,NA,NA,NA,NA,NA,NA,NA,NA,NA,NA,NA,NA,NA,NA,NA,NA,NA,NA,NA,NA,NA,NA
2011-01-01,1382,80,717,1708,112,425,89,1,13,6,12,1,71,29,5,4,388,18,9,153,73,17,2,12,8,20,149,1,18,913,61,5,10,1,27,3,NA,23,21,4,17,46,NA,5,106,NA,10,1,51,22,128,249,1,12,11,4,7,NA,16,2,192,18,11,6,75,134,234,40,239,5,203,51,16,8,101,2,64,36,5,22,8,NA,4,78,36,3,1,2,50,279,5,2,186,59,18,33,40,NA,18,69,139,15,4,1,894,30,3,716,979,NA,NA,NA,3,159,84,68,39,58,4,76,14,NA,4,12,55,16,1,NA,7,144,140,205,2,23,14,5,NA,30,40,18,19,35,118,NA,48,15,178,18,59,98,222,534,NA,69,15,248,3,24,62,39,1,7,2,4,4,5,2,NA,NA,3,NA,NA,NA,4,NA,NA,NA,2,NA,NA,NA,NA,2,NA,NA,NA,NA,NA,NA,NA,NA,NA,NA,NA,NA,NA,4,NA,19,NA,6,NA,NA,NA,NA,NA,NA,NA,NA,NA,NA,NA,NA,NA,NA,NA,NA,NA,NA,NA,NA,NA,NA
2011-04-01,1457,64,551,1579,113,312,75,1,17,8,13,1,59,20,5,4,373,13,4,151,44,11,2,12,6,12,135,NA,17,453,33,4,11,2,32,8,4,14,19,7,15,45,NA,1,50,NA,11,NA,35,17,141,175,1,13,16,2,1,NA,7,3,130,17,6,6,61,72,192,23,236,5,124,34,18,6,63,NA,58,23,4,22,12,NA,NA,9,46,4,1,2,37,196,4,13,97,36,24,41,42,3,8,50,168,15,3,1,600,34,8,644,881,1,NA,5,6,143,66,84,31,55,4,68,2,NA,4,15,36,19,5,NA,11,92,206,181,2,23,14,10,1,33,44,12,11,40,71,NA,48,37,186,7,48,143,270,574,NA,36,16,164,2,15,33,29,1,2,NA,2,2,8,3,1,NA,2,2,NA,1,1,NA,1,NA,1,NA,NA,NA,3,NA,NA,1,1,NA,1,NA,NA,NA,NA,NA,NA,1,NA,3,NA,10,NA,8,NA,NA,1,NA,1,NA,NA,NA,NA,NA,NA,NA,NA,NA,NA,NA,NA,NA,NA,NA,NA,NA
2011-07-01,1615,82,562,1835,155,324,98,NA,15,9,9,5,52,19,2,4,433,25,4,136,48,13,4,10,6,27,170,NA,21,659,40,2,6,6,27,5,13,23,30,6,19,79,NA,6,35,NA,9,2,63,8,137,187,NA,24,18,6,8,NA,4,4,107,12,4,3,77,86,257,45,253,7,136,55,27,17,64,3,62,27,1,31,14,1,3,25,59,2,NA,10,51,218,4,7,109,32,53,44,48,NA,14,89,145,20,NA,NA,777,36,22,824,1058,NA,NA,1,6,172,74,57,52,77,8,91,6,NA,3,21,44,14,NA,NA,6,127,199,249,2,17,6,18,2,34,36,11,19,30,92,2,51,64,178,16,48,174,314,647,1,47,13,142,NA,29,65,52,2,1,NA,4,NA,8,2,NA,NA,1,NA,NA,2,2,NA,NA,NA,NA,NA,2,NA,NA,NA,NA,1,NA,NA,NA,1,1,NA,1,NA,1,NA,1,3,NA,12,NA,7,1,NA,1,NA,NA,NA,NA,NA,NA,NA,NA,NA,NA,NA,NA,NA,NA,NA,NA,NA,NA,NA
2011-10-01,1354,91,632,2389,179,354,80,NA,18,4,12,12,50,22,2,3,490,12,8,106,64,13,1,7,6,30,152,NA,12,818,46,2,5,3,13,1,7,16,20,3,11,59,NA,9,33,2,14,NA,56,17,139,182,1,14,10,5,4,1,4,2,104,16,2,11,57,80,184,30,240,10,116,40,14,8,70,1,41,19,6,18,5,1,NA,53,44,1,NA,6,39,188,5,5,84,49,105,38,30,2,19,107,186,19,NA,1,825,19,12,1263,1309,1,NA,9,5,137,90,60,62,56,NA,128,7,NA,5,15,35,11,NA,NA,2,116,182,292,5,17,15,10,1,27,60,11,18,33,76,1,46,68,172,13,53,190,324,543,NA,71,22,186,1,29,69,67,7,4,1,NA,2,15,1,NA,NA,3,NA,1,NA,1,NA,NA,NA,NA,NA,NA,NA,NA,1,NA,NA,NA,NA,NA,NA,NA,1,NA,NA,NA,NA,NA,1,NA,7,NA,11,1,NA,NA,NA,1,NA,1,NA,1,NA,NA,NA,NA,NA,NA,NA,NA,NA,NA,NA,NA,NA
2012-01-01,1038,104,470,2562,165,236,87,1,19,6,12,8,37,26,3,8,498,13,8,76,63,11,2,17,7,22,92,NA,16,1025,62,5,5,1,23,4,10,21,27,1,12,53,NA,5,27,NA,2,NA,45,13,128,206,1,6,6,9,11,NA,4,2,80,13,3,11,38,108,121,18,207,5,98,60,20,4,65,2,47,26,1,33,15,1,4,74,55,2,NA,4,54,222,3,6,87,45,75,37,25,NA,13,146,138,15,1,2,708,24,12,691,1189,NA,NA,5,5,183,115,63,34,43,4,142,12,NA,3,15,32,9,1,1,5,103,149,303,1,21,10,4,3,32,42,5,13,28,82,NA,25,37,181,10,55,124,268,424,NA,48,6,228,3,23,69,59,5,2,NA,2,NA,6,1,NA,NA,3,NA,1,1,3,NA,NA,NA,2,NA,NA,NA,NA,1,NA,NA,NA,NA,NA,NA,NA,NA,NA,NA,NA,NA,NA,2,NA,8,NA,9,NA,NA,NA,NA,1,NA,NA,NA,NA,1,1,NA,NA,NA,NA,NA,NA,NA,NA,NA,NA,NA
2012-04-01,1024,120,313,2288,168,262,71,NA,11,10,13,6,56,14,11,1,455,12,6,132,32,12,4,15,7,29,149,NA,18,767,28,4,8,2,19,4,5,15,21,6,8,73,NA,9,30,NA,6,NA,18,19,142,186,4,15,14,2,NA,NA,3,NA,115,12,5,8,68,111,106,18,220,4,103,65,28,6,54,NA,33,24,4,43,17,NA,NA,54,49,1,NA,4,36,186,NA,1,84,47,37,28,28,1,11,139,154,20,2,2,670,26,21,584,1227,1,NA,2,5,214,110,77,68,62,2,144,8,NA,3,9,45,15,4,NA,4,107,171,284,10,8,17,6,1,31,41,11,8,30,82,3,40,33,225,22,52,237,354,580,NA,34,22,185,3,21,48,54,3,2,NA,1,2,5,NA,NA,NA,1,NA,NA,NA,2,1,NA,NA,NA,NA,NA,NA,NA,1,NA,NA,3,NA,1,NA,NA,NA,NA,NA,NA,NA,NA,NA,NA,18,NA,5,NA,NA,NA,NA,1,NA,NA,NA,NA,NA,NA,NA,NA,NA,NA,NA,NA,NA,NA,NA,NA,NA
2012-07-01,1392,126,262,2041,212,170,72,1,15,13,8,9,70,27,6,3,419,21,13,156,24,9,4,17,7,23,187,NA,10,670,31,2,5,3,21,3,10,16,24,9,6,89,NA,6,16,NA,11,NA,31,15,110,243,2,16,15,3,2,NA,1,NA,118,14,3,14,66,120,174,19,181,5,125,71,43,7,60,NA,68,49,4,33,23,NA,3,124,49,NA,2,NA,34,115,NA,7,83,51,35,43,36,NA,8,137,137,18,1,1,679,29,38,705,1278,3,NA,NA,5,168,111,66,75,70,2,162,6,NA,6,14,60,18,1,NA,5,90,174,229,3,19,14,8,NA,31,48,5,10,22,91,3,47,30,240,28,33,194,550,621,NA,37,10,174,4,16,46,47,3,NA,NA,1,NA,5,NA,2,NA,1,3,NA,NA,5,1,NA,NA,2,NA,NA,NA,NA,NA,NA,2,2,1,2,NA,NA,NA,NA,NA,NA,NA,NA,2,1,7,NA,12,NA,NA,NA,NA,1,NA,NA,NA,NA,NA,NA,1,NA,NA,NA,NA,NA,NA,NA,NA,NA,NA
2012-10-01,1329,166,403,2307,237,218,86,NA,13,8,8,1,53,30,13,3,412,21,7,126,29,17,5,14,4,32,122,NA,13,583,34,6,2,1,26,NA,3,21,13,1,9,45,NA,5,25,2,13,NA,56,18,145,196,1,18,15,4,4,1,6,9,102,18,2,7,36,106,149,22,259,6,141,48,18,13,53,NA,36,53,4,37,10,NA,1,68,73,NA,1,3,30,196,2,5,97,39,14,11,44,1,17,83,165,18,NA,1,715,39,58,602,1374,1,NA,5,1,168,128,75,64,63,4,190,3,NA,3,15,54,11,3,NA,5,101,170,282,5,28,7,6,NA,30,62,NA,11,17,85,1,47,25,314,25,29,199,535,524,1,29,8,167,1,21,51,59,2,1,NA,2,1,6,1,NA,NA,NA,NA,NA,1,NA,1,NA,NA,1,NA,1,NA,2,NA,NA,3,NA,1,NA,NA,NA,NA,NA,NA,NA,NA,NA,NA,NA,14,NA,8,NA,NA,NA,1,NA,NA,NA,NA,NA,NA,NA,1,NA,NA,NA,NA,NA,NA,NA,NA,NA,NA
2013-01-01,1063,163,426,2456,202,229,65,NA,6,8,7,3,63,23,3,1,440,11,5,112,32,5,7,17,7,15,136,NA,15,1034,35,3,3,2,34,1,8,19,20,7,10,44,1,2,21,NA,7,NA,38,13,121,211,1,13,14,5,3,NA,3,4,89,17,2,14,45,122,144,37,184,3,113,39,25,6,51,1,39,98,1,27,15,NA,1,65,84,2,1,5,29,210,1,6,95,39,11,19,42,1,11,118,167,13,4,1,790,25,38,487,1411,NA,1,1,7,132,117,68,56,56,2,114,6,NA,1,11,45,14,3,NA,7,102,142,237,5,20,8,4,3,21,61,3,10,18,64,2,38,12,211,6,40,111,394,527,NA,28,17,181,4,16,27,50,3,2,NA,2,2,7,2,NA,NA,NA,NA,1,1,2,NA,NA,NA,2,NA,6,NA,NA,1,NA,NA,NA,NA,NA,NA,NA,1,NA,NA,NA,3,NA,NA,NA,6,NA,11,NA,NA,NA,NA,2,NA,NA,NA,NA,NA,NA,NA,NA,NA,NA,NA,NA,NA,NA,NA,NA,NA
2013-04-01,1173,214,292,2213,218,225,100,1,17,10,13,1,75,22,6,6,479,15,13,103,7,5,5,21,6,19,170,NA,14,882,30,4,2,4,18,6,6,22,27,7,2,63,NA,4,36,NA,13,1,29,13,165,177,NA,14,11,2,2,NA,3,6,101,19,12,9,45,127,158,27,233,5,130,72,30,10,67,NA,55,82,3,31,11,NA,5,95,82,4,1,5,24,194,2,1,77,40,8,20,38,NA,15,108,177,20,NA,NA,785,25,45,487,1528,3,NA,1,7,170,139,85,44,109,1,120,6,NA,4,16,50,15,4,NA,2,89,201,217,1,20,7,8,1,32,73,NA,14,27,74,1,57,12,262,19,40,115,343,682,NA,37,7,138,5,14,44,14,3,2,NA,11,1,7,2,NA,NA,NA,NA,NA,NA,2,NA,NA,NA,NA,NA,NA,NA,NA,NA,1,NA,2,NA,NA,NA,NA,NA,NA,NA,NA,NA,NA,1,NA,9,NA,8,NA,NA,NA,NA,2,NA,NA,NA,NA,NA,NA,NA,1,1,NA,NA,NA,NA,NA,NA,NA,NA
2013-07-01,1396,286,223,2010,240,185,78,NA,22,7,9,1,77,32,5,3,518,22,9,125,15,7,4,22,10,18,189,NA,17,648,44,4,1,2,5,1,6,20,24,9,15,91,1,3,31,NA,12,NA,31,13,142,178,NA,17,10,3,6,NA,3,2,104,37,6,13,66,95,162,36,210,5,129,54,28,8,57,NA,54,73,1,38,14,2,6,91,101,NA,NA,2,30,155,2,10,111,45,19,37,23,2,9,132,168,23,1,1,752,52,40,622,1350,2,NA,1,5,189,135,70,59,103,3,189,7,NA,4,11,55,27,7,NA,2,94,164,210,4,22,15,5,4,24,64,1,17,17,72,3,47,19,198,10,26,132,410,812,NA,33,19,173,NA,18,47,31,1,1,NA,1,1,5,1,NA,1,2,NA,NA,1,NA,NA,NA,NA,2,NA,1,1,NA,NA,NA,NA,NA,NA,1,NA,2,NA,NA,NA,NA,NA,NA,3,NA,14,NA,7,1,NA,NA,NA,1,NA,NA,NA,NA,NA,NA,NA,NA,NA,NA,NA,NA,NA,NA,NA,NA,NA
2013-10-01,1312,225,281,2154,341,123,79,1,11,13,12,3,65,30,12,1,509,27,5,113,31,7,3,31,6,29,190,2,12,707,36,5,4,3,6,1,11,38,23,9,9,85,NA,6,34,NA,9,1,33,16,143,205,1,11,14,5,4,1,2,NA,83,17,7,12,63,96,150,27,223,3,110,41,25,10,61,1,53,109,3,49,26,NA,2,93,91,NA,1,4,21,165,NA,10,101,44,12,19,47,1,21,164,132,23,12,1,778,27,34,607,1446,2,NA,1,4,216,139,65,75,98,6,180,7,NA,3,14,57,25,2,NA,8,133,196,260,1,18,6,12,NA,24,32,NA,12,23,73,1,53,19,172,7,39,140,331,646,NA,19,23,169,NA,14,48,10,1,NA,1,1,2,2,2,NA,NA,NA,NA,1,1,NA,NA,NA,NA,NA,NA,NA,NA,NA,NA,NA,NA,NA,1,NA,NA,NA,NA,NA,2,NA,NA,NA,1,NA,19,NA,7,NA,NA,NA,NA,1,NA,NA,NA,NA,NA,NA,NA,NA,NA,NA,NA,NA,NA,NA,NA,NA,NA
2014-01-01,1244,265,223,2218,285,153,72,3,4,4,8,1,69,27,10,1,476,20,8,105,18,8,2,21,9,23,139,NA,6,848,32,2,4,2,6,2,9,26,30,6,9,74,NA,3,27,NA,21,1,23,5,111,175,NA,9,10,4,5,NA,7,3,63,20,6,17,64,112,131,31,218,8,125,37,24,6,54,1,54,101,2,62,14,NA,1,102,112,3,NA,3,29,172,NA,4,86,44,3,12,50,1,10,135,187,19,1,NA,694,26,37,576,1574,3,1,4,4,227,174,80,112,72,3,132,7,NA,1,15,36,26,5,NA,13,91,157,293,NA,21,11,20,2,30,56,1,28,14,74,1,40,17,180,3,31,74,266,515,2,22,31,132,2,16,54,10,3,3,NA,3,2,10,1,1,NA,1,NA,NA,NA,1,NA,NA,NA,NA,NA,1,NA,1,NA,2,NA,NA,NA,1,NA,NA,NA,NA,NA,NA,NA,NA,NA,NA,15,NA,13,2,NA,NA,NA,NA,NA,NA,NA,NA,NA,NA,NA,NA,NA,NA,NA,NA,NA,NA,NA,NA,NA
2014-04-01,1434,287,201,1827,274,118,74,NA,14,8,6,1,55,20,8,3,464,12,NA,118,14,7,1,24,2,24,149,NA,11,598,21,2,1,1,12,6,10,33,15,6,10,88,NA,4,18,NA,12,NA,24,4,129,142,1,12,5,NA,6,NA,8,1,86,25,5,23,54,83,118,28,228,7,97,54,24,9,64,NA,51,62,2,56,17,NA,NA,85,117,2,1,2,14,107,1,3,94,31,9,22,57,NA,15,144,163,13,1,2,567,33,16,552,1327,2,NA,NA,8,196,166,85,91,81,3,88,14,NA,3,10,43,46,4,NA,10,87,172,238,1,17,9,11,1,30,44,1,12,14,70,NA,33,15,160,4,25,96,234,595,1,11,17,108,5,12,41,15,NA,NA,NA,NA,NA,6,2,NA,NA,NA,1,NA,2,NA,NA,NA,NA,NA,NA,NA,NA,1,NA,NA,1,NA,NA,2,NA,NA,NA,NA,NA,NA,NA,NA,1,NA,8,NA,9,NA,NA,NA,NA,1,NA,NA,NA,NA,NA,NA,NA,NA,NA,1,NA,NA,NA,NA,NA,NA,NA
2014-07-01,1866,304,189,1835,277,152,54,NA,18,8,11,2,72,14,2,5,439,20,5,114,13,10,3,20,10,21,164,NA,9,566,40,4,NA,5,6,3,5,61,25,6,6,83,NA,7,20,NA,12,1,22,3,118,140,3,24,14,2,2,NA,3,3,104,32,4,18,53,48,100,28,238,5,92,55,32,12,49,NA,47,107,3,69,22,NA,1,19,139,6,3,1,17,103,1,6,55,45,4,16,56,NA,16,158,147,24,3,2,607,26,30,517,1358,1,NA,2,7,189,170,76,98,87,2,138,7,NA,3,8,41,33,NA,NA,4,71,202,178,3,23,9,13,1,39,41,2,21,17,63,1,26,52,205,5,29,104,345,655,1,21,6,94,2,16,36,19,2,4,1,3,NA,4,1,NA,NA,NA,NA,NA,NA,NA,NA,NA,NA,1,NA,NA,NA,NA,NA,1,3,1,NA,1,NA,NA,NA,NA,NA,NA,1,NA,NA,NA,13,NA,6,1,NA,NA,NA,1,NA,NA,NA,NA,NA,NA,NA,NA,NA,NA,NA,NA,NA,NA,NA,NA,NA
2014-10-01,1876,265,189,1927,280,112,47,NA,10,6,10,2,73,20,11,2,445,23,3,111,20,12,1,36,6,23,128,NA,13,548,39,4,5,3,8,2,7,45,19,3,8,70,NA,7,27,NA,15,1,24,6,139,130,2,18,14,1,5,NA,2,2,107,43,5,22,47,51,96,31,259,5,147,28,18,9,53,2,35,146,2,65,18,1,NA,40,135,2,NA,4,20,80,1,13,78,42,4,10,60,2,23,171,156,11,NA,2,630,36,28,491,1332,NA,1,1,3,186,224,103,67,70,2,123,6,NA,7,7,44,46,3,NA,10,93,257,244,2,25,7,15,NA,27,53,NA,7,19,55,1,24,51,185,4,22,127,275,590,1,19,4,100,1,8,41,5,3,1,1,2,1,2,2,1,NA,1,NA,NA,1,1,NA,NA,NA,NA,NA,2,NA,1,NA,NA,NA,NA,NA,2,NA,NA,NA,NA,NA,NA,NA,NA,NA,NA,6,NA,5,NA,NA,NA,1,5,NA,NA,NA,NA,NA,NA,NA,NA,NA,1,NA,NA,NA,NA,NA,NA,NA
2015-01-01,1419,281,177,2185,293,95,57,1,12,9,14,2,48,19,3,4,474,18,4,107,12,15,4,17,4,24,195,NA,11,645,26,3,4,4,7,2,8,54,29,3,7,94,NA,7,23,NA,13,2,17,4,160,165,NA,14,14,2,2,NA,9,12,71,47,10,14,48,60,79,29,303,8,119,32,22,7,55,NA,42,148,2,90,16,NA,2,36,120,1,1,2,7,98,2,5,73,37,6,16,45,NA,21,232,168,15,NA,NA,615,29,52,423,1400,NA,1,NA,5,172,217,86,66,108,3,85,7,NA,3,19,37,42,2,NA,15,93,185,275,1,19,5,7,NA,39,31,NA,13,13,83,NA,20,71,204,2,31,104,246,570,1,11,11,93,1,6,44,16,NA,1,NA,3,NA,4,2,1,NA,1,1,NA,NA,NA,NA,NA,NA,NA,NA,1,1,1,NA,1,NA,NA,NA,1,NA,1,NA,NA,NA,NA,NA,NA,1,NA,8,NA,5,1,NA,NA,NA,NA,NA,1,NA,NA,NA,NA,NA,NA,NA,NA,NA,NA,NA,NA,NA,NA,NA
2015-04-01,1791,351,218,1866,365,34,94,NA,10,6,18,1,71,19,5,2,467,24,7,125,13,1,8,30,5,18,158,NA,17,539,34,4,NA,4,10,2,9,56,31,2,5,68,NA,3,31,NA,10,1,12,12,190,113,3,16,10,3,3,NA,5,5,99,50,16,12,54,42,119,23,335,7,140,38,19,7,52,2,29,127,3,83,27,NA,1,20,158,2,1,7,14,108,4,8,66,31,7,17,50,1,14,166,230,16,NA,NA,592,24,50,468,1213,4,NA,2,4,176,287,111,74,84,2,115,6,NA,5,32,50,40,1,NA,3,79,245,246,3,20,9,11,1,48,56,1,7,12,69,1,35,39,205,7,13,113,222,637,NA,15,16,109,NA,11,30,20,NA,3,NA,6,1,2,2,1,NA,NA,NA,NA,NA,NA,NA,1,NA,NA,NA,1,NA,1,NA,4,NA,2,NA,NA,NA,NA,NA,NA,1,NA,NA,NA,NA,NA,15,NA,7,1,NA,NA,NA,7,NA,NA,NA,NA,NA,NA,NA,NA,NA,NA,1,NA,NA,NA,NA,NA,NA
2015-07-01,2161,327,210,1902,345,37,97,NA,15,12,9,3,81,26,6,4,519,14,6,200,11,6,1,30,10,27,223,NA,22,500,49,3,2,1,7,6,8,48,36,5,3,65,NA,11,29,NA,18,1,10,14,181,120,5,39,12,6,6,1,6,NA,100,39,7,17,48,63,135,30,305,7,124,45,14,7,39,NA,52,101,1,58,23,NA,2,31,141,2,1,9,14,112,1,6,66,29,6,7,61,NA,19,170,194,28,1,1,602,29,22,544,1197,5,NA,1,2,193,292,111,91,71,1,149,9,NA,5,33,46,42,2,NA,6,75,236,300,2,24,9,4,1,38,47,NA,14,25,64,2,37,37,255,25,18,122,307,674,NA,26,10,76,NA,10,37,14,NA,NA,NA,3,2,6,3,NA,NA,2,1,1,NA,NA,NA,NA,NA,NA,NA,NA,1,NA,NA,1,NA,NA,NA,1,NA,NA,2,NA,NA,NA,NA,NA,NA,NA,11,NA,6,NA,NA,NA,NA,1,NA,NA,NA,NA,NA,NA,NA,NA,NA,NA,NA,NA,NA,NA,NA,NA,NA
2015-10-01,2771,502,238,2322,417,24,73,1,18,9,18,2,65,28,3,4,507,19,2,129,22,16,6,31,2,22,111,1,22,533,47,4,13,NA,3,1,3,48,29,3,7,63,NA,7,34,NA,10,NA,17,11,167,120,1,32,18,NA,4,1,6,2,85,55,10,33,43,55,73,40,350,13,152,28,30,8,52,NA,36,117,NA,78,24,NA,2,23,162,6,NA,6,9,115,3,9,99,38,7,12,45,1,21,221,185,11,4,NA,605,26,22,546,899,3,NA,3,4,205,307,118,85,73,3,139,3,NA,2,22,53,34,1,NA,14,70,224,254,2,27,15,13,NA,52,51,NA,15,24,62,2,32,32,179,29,28,148,239,554,1,19,17,74,1,15,44,14,1,4,NA,3,1,4,2,NA,NA,2,NA,3,1,NA,NA,NA,NA,1,NA,1,2,1,1,1,1,2,NA,1,1,NA,NA,1,NA,NA,NA,NA,1,NA,6,NA,12,NA,NA,NA,NA,1,NA,NA,NA,NA,NA,NA,NA,NA,1,NA,NA,NA,NA,NA,NA,NA,NA
2016-01-01,2014,396,261,2187,371,22,61,3,13,4,16,5,61,23,12,2,496,13,10,148,12,7,5,34,6,18,99,1,18,632,53,3,5,3,1,8,9,60,16,2,10,50,NA,6,31,NA,12,1,20,10,190,137,3,18,20,NA,1,1,1,2,85,49,7,24,37,58,77,30,272,NA,135,30,17,11,42,1,51,145,1,72,30,1,3,38,166,5,NA,2,7,135,1,5,76,47,15,9,59,NA,8,288,158,19,2,NA,569,25,14,463,1048,2,1,1,12,179,293,76,102,91,2,118,2,NA,NA,11,39,46,3,NA,9,102,223,203,1,23,10,3,2,45,49,1,14,10,73,1,27,50,225,15,15,103,267,492,NA,23,6,93,2,9,35,28,1,3,NA,5,NA,4,NA,NA,NA,NA,NA,1,NA,NA,NA,NA,NA,NA,NA,NA,NA,NA,1,4,NA,NA,NA,NA,NA,NA,1,NA,1,NA,NA,NA,1,NA,5,NA,9,NA,NA,NA,NA,2,NA,NA,NA,NA,NA,NA,NA,1,NA,NA,1,NA,NA,NA,NA,NA,NA
2016-04-01,2086,607,355,1625,474,35,88,1,12,9,10,5,64,15,11,5,381,16,9,124,14,8,3,58,NA,17,146,NA,12,388,32,1,2,5,14,8,5,55,33,10,6,62,NA,5,31,NA,19,NA,18,10,209,121,2,31,15,NA,1,NA,5,4,108,52,4,19,40,54,92,32,259,4,129,31,22,20,40,2,34,165,4,81,23,NA,5,25,160,6,NA,9,9,138,1,9,71,38,14,8,58,NA,16,218,202,13,1,1,445,23,34,474,827,1,NA,2,8,171,355,106,91,88,NA,115,10,NA,4,12,21,48,3,NA,4,90,215,192,2,20,13,6,NA,35,27,NA,14,10,65,2,31,33,229,12,17,166,277,582,NA,28,8,80,NA,15,25,17,NA,2,1,5,1,6,NA,NA,NA,NA,NA,3,NA,NA,NA,NA,NA,NA,NA,1,NA,NA,NA,6,NA,NA,NA,NA,NA,NA,NA,NA,NA,NA,NA,NA,NA,NA,10,NA,13,NA,NA,NA,NA,3,NA,NA,NA,NA,NA,NA,NA,NA,2,NA,NA,NA,NA,NA,NA,NA,NA
2016-07-01,2198,560,303,1397,442,41,62,NA,9,11,5,7,68,13,2,4,303,17,5,155,4,10,4,44,9,13,158,NA,16,394,37,1,3,5,5,7,11,55,39,1,10,71,NA,2,16,1,14,NA,10,11,238,118,1,31,16,2,3,2,6,3,110,34,9,16,70,70,118,23,267,4,122,43,25,17,46,NA,45,127,2,80,8,NA,NA,44,167,7,NA,13,11,137,2,12,78,56,11,20,62,NA,10,157,168,13,2,1,442,31,35,500,714,6,1,NA,13,152,351,118,96,92,NA,158,9,NA,5,11,50,57,2,NA,1,91,244,158,2,20,9,5,NA,32,35,NA,35,17,62,2,25,44,254,13,19,133,333,630,2,12,10,74,NA,12,29,34,2,1,NA,3,6,6,1,NA,NA,NA,NA,1,NA,NA,NA,NA,NA,NA,NA,NA,1,NA,1,1,NA,NA,NA,NA,NA,1,1,1,NA,NA,NA,1,NA,NA,11,NA,11,NA,NA,1,NA,5,NA,NA,NA,NA,NA,NA,1,NA,NA,NA,NA,1,1,NA,NA,NA,NA
2016-10-01,1999,583,370,1438,515,57,67,NA,10,11,14,1,63,22,19,4,284,11,10,138,11,10,1,49,3,20,123,NA,28,433,36,2,13,10,12,5,13,56,29,2,5,75,NA,2,23,2,15,NA,18,13,187,123,10,21,19,2,4,1,5,8,88,47,8,19,39,61,115,20,303,4,94,23,25,9,43,1,41,135,3,86,19,NA,NA,4,202,4,NA,9,6,134,1,7,67,57,20,6,51,NA,16,129,172,18,2,NA,437,25,37,465,727,2,NA,12,3,200,386,145,68,89,3,108,6,NA,6,13,21,64,2,NA,7,124,227,149,4,15,9,13,NA,30,33,1,50,7,73,1,24,32,210,29,17,135,315,493,1,21,7,78,NA,6,30,25,NA,3,1,2,1,3,NA,NA,NA,NA,NA,3,NA,NA,NA,NA,NA,NA,NA,4,1,1,1,7,NA,NA,NA,NA,NA,NA,NA,NA,NA,NA,NA,NA,NA,NA,12,NA,13,NA,NA,NA,NA,2,NA,NA,NA,NA,NA,NA,NA,NA,NA,NA,NA,NA,NA,1,NA,NA,NA
2017-01-01,1773,744,446,1373,378,51,64,NA,3,9,9,5,65,28,7,3,289,18,4,125,16,7,1,85,2,9,125,1,26,609,31,4,11,2,6,3,11,46,20,3,6,60,2,5,15,NA,12,NA,29,21,219,130,NA,25,10,6,NA,NA,3,4,84,65,12,27,40,70,126,35,253,6,114,25,13,9,35,NA,29,111,1,100,22,NA,1,12,259,8,NA,8,11,144,6,5,62,63,22,6,48,NA,19,148,165,16,1,NA,385,20,17,434,776,1,NA,1,13,132,421,137,54,76,3,98,2,NA,4,12,37,49,3,NA,7,105,214,163,5,20,8,6,NA,33,47,1,19,2,55,7,26,30,196,19,9,158,285,491,NA,16,6,78,NA,13,24,10,1,4,NA,NA,5,3,NA,NA,NA,NA,1,NA,NA,NA,NA,NA,NA,NA,NA,NA,NA,NA,NA,1,NA,1,NA,NA,NA,NA,NA,NA,NA,NA,NA,NA,NA,NA,5,NA,9,1,NA,NA,NA,6,NA,NA,NA,NA,NA,NA,NA,NA,NA,NA,NA,NA,NA,NA,NA,NA,NA
2017-04-01,1788,621,297,999,445,43,62,NA,9,6,11,7,62,15,7,3,227,18,8,132,9,16,1,81,11,20,88,NA,27,331,26,NA,1,5,5,3,6,53,28,4,9,78,3,4,11,NA,6,NA,15,8,192,121,1,24,4,1,1,NA,5,2,57,53,13,16,32,95,138,24,229,4,90,21,26,6,40,3,33,87,2,63,19,NA,1,18,163,4,1,12,5,122,1,10,75,35,17,3,62,1,10,96,160,12,2,1,311,22,34,348,530,1,1,3,8,134,374,123,50,105,NA,106,3,NA,2,12,26,42,2,NA,7,69,202,123,1,18,7,3,NA,35,40,NA,36,12,60,NA,29,32,180,5,11,155,200,425,3,10,6,62,1,12,24,24,1,2,NA,NA,1,5,1,1,NA,NA,NA,NA,1,1,NA,NA,NA,NA,1,NA,NA,NA,2,NA,1,NA,1,NA,2,NA,NA,3,NA,NA,NA,NA,NA,NA,20,NA,14,NA,NA,NA,NA,3,NA,NA,NA,NA,NA,NA,1,NA,NA,NA,NA,NA,NA,NA,NA,NA,NA
2017-07-01,2448,623,332,925,444,50,64,NA,4,6,13,2,56,18,6,3,221,11,4,140,12,6,5,92,4,8,101,1,24,399,34,1,4,5,9,5,7,54,27,2,7,59,NA,5,18,NA,18,2,14,21,238,112,9,42,16,6,2,NA,1,13,72,72,11,30,37,80,140,27,227,5,68,22,19,10,25,NA,47,84,2,76,27,NA,NA,7,140,7,NA,3,12,160,1,3,72,56,15,11,64,NA,17,77,147,24,4,NA,321,41,43,381,612,4,1,NA,2,130,336,109,85,79,9,155,6,NA,6,16,31,61,2,1,8,76,248,123,1,13,3,2,NA,32,32,NA,15,10,38,NA,25,38,197,10,8,141,231,498,1,11,6,57,NA,6,14,24,3,4,NA,6,4,5,NA,NA,NA,NA,NA,NA,NA,NA,NA,NA,NA,NA,NA,1,NA,1,3,NA,NA,NA,NA,NA,NA,NA,NA,NA,NA,1,NA,NA,NA,NA,10,NA,10,NA,NA,2,NA,2,NA,NA,NA,NA,NA,NA,NA,NA,NA,NA,NA,NA,NA,NA,NA,NA,NA
2017-10-01,2275,509,401,1009,471,35,49,NA,11,11,10,1,59,19,4,3,219,19,11,124,12,16,3,56,3,8,104,3,49,486,37,4,19,5,7,3,4,50,30,1,9,50,1,4,29,NA,10,1,18,20,207,121,1,22,13,2,4,1,8,13,76,45,12,22,26,44,120,30,203,8,60,20,18,8,42,NA,28,73,NA,62,31,NA,1,3,172,6,NA,8,7,126,3,6,55,47,18,9,60,1,25,86,172,28,6,2,325,10,30,315,570,1,1,NA,2,136,302,108,67,87,1,92,4,NA,1,9,32,40,3,NA,9,70,250,104,2,14,6,3,NA,29,44,NA,25,12,58,1,24,28,155,23,7,181,210,425,1,12,4,61,NA,8,19,13,2,NA,NA,4,2,6,1,NA,NA,NA,NA,NA,NA,NA,NA,NA,NA,1,NA,NA,1,NA,NA,4,1,NA,NA,NA,NA,NA,NA,NA,NA,NA,NA,NA,NA,NA,7,NA,7,1,NA,NA,NA,3,NA,NA,NA,NA,NA,NA,NA,NA,NA,NA,NA,NA,NA,NA,1,NA,NA
2018-01-01,1889,500,457,1060,422,29,59,NA,2,8,14,9,57,21,7,4,203,18,5,100,11,18,2,82,6,10,101,1,21,532,25,3,12,3,3,6,6,43,35,4,6,54,NA,4,16,NA,12,NA,14,8,173,125,1,19,17,11,5,NA,NA,9,92,34,13,38,35,46,104,14,166,5,82,13,21,7,36,NA,42,82,1,51,14,NA,2,13,156,5,2,5,5,156,2,6,45,42,9,6,61,1,19,67,171,18,1,NA,288,20,29,265,591,2,NA,1,3,104,263,119,66,86,2,77,5,NA,3,10,22,35,NA,NA,24,59,192,76,1,15,4,9,NA,27,33,NA,13,7,49,NA,26,15,161,12,7,279,184,374,NA,9,3,42,NA,12,20,10,NA,1,NA,3,3,2,NA,NA,NA,1,2,1,1,NA,1,NA,NA,NA,NA,1,NA,NA,NA,8,1,1,NA,1,NA,NA,1,NA,2,NA,NA,NA,NA,NA,10,NA,9,NA,NA,NA,NA,3,NA,NA,NA,NA,NA,NA,NA,NA,NA,NA,NA,NA,NA,NA,NA,NA,NA
2018-04-01,2071,451,398,651,513,19,46,NA,3,15,14,2,40,31,4,2,143,19,1,114,9,17,3,47,2,7,112,NA,26,334,21,NA,9,2,9,3,7,34,33,1,7,44,NA,NA,19,NA,8,1,4,21,152,90,14,30,11,3,NA,1,1,21,64,53,12,33,32,57,64,34,166,8,35,18,23,6,37,NA,26,69,NA,66,27,1,2,NA,133,6,1,5,1,80,1,6,42,41,6,3,47,NA,20,34,164,10,1,NA,220,23,27,239,372,3,NA,1,10,90,267,99,71,72,4,60,1,NA,1,4,29,27,NA,NA,13,72,185,97,1,19,4,8,NA,33,31,3,18,7,52,1,25,19,172,3,9,288,120,451,1,11,4,42,NA,9,24,9,1,NA,1,3,6,1,1,1,NA,NA,NA,NA,NA,NA,NA,NA,NA,NA,NA,NA,NA,NA,NA,3,NA,NA,1,NA,NA,1,NA,NA,NA,NA,NA,NA,NA,NA,4,NA,6,NA,NA,NA,NA,2,NA,NA,NA,NA,NA,NA,NA,NA,NA,NA,NA,NA,NA,NA,NA,NA,NA
2018-07-01,2648,377,402,625,489,28,51,1,1,12,15,2,53,27,5,2,133,16,10,133,15,15,1,33,4,10,109,1,24,398,25,NA,7,3,11,6,14,21,33,4,7,55,NA,2,12,NA,16,NA,7,16,157,96,1,20,17,4,3,1,3,25,68,47,13,19,26,68,88,49,180,3,39,32,22,13,29,1,26,68,1,49,7,NA,2,9,131,6,NA,4,4,78,2,4,43,34,9,10,43,2,9,35,135,12,3,NA,234,23,35,293,346,3,2,2,4,80,216,104,74,54,1,107,2,NA,1,12,29,42,NA,NA,9,55,208,74,2,18,8,8,NA,34,30,NA,18,3,50,1,18,22,133,7,8,196,170,535,1,10,5,40,1,5,17,17,NA,1,NA,3,9,3,NA,NA,NA,NA,NA,3,1,NA,NA,NA,NA,NA,NA,1,NA,NA,1,2,NA,1,NA,2,NA,NA,NA,NA,NA,NA,NA,NA,NA,NA,6,NA,5,NA,NA,NA,NA,2,NA,NA,NA,NA,NA,NA,NA,NA,NA,NA,NA,NA,NA,NA,NA,NA,NA
2018-10-01,2684,400,500,714,426,18,36,NA,5,13,12,2,39,17,9,NA,121,16,6,138,17,7,NA,76,1,7,92,1,43,436,30,1,6,5,3,11,7,30,26,5,6,45,NA,3,22,NA,17,NA,15,23,144,127,NA,22,19,15,1,NA,3,93,53,35,14,27,13,51,88,26,256,4,24,17,18,25,44,NA,26,56,3,52,9,NA,1,9,121,5,NA,2,9,89,NA,8,60,39,13,7,34,NA,15,28,172,8,10,NA,216,17,27,269,356,3,2,8,2,83,220,150,74,68,4,103,3,NA,4,1,20,35,NA,NA,11,85,215,76,6,35,8,6,NA,28,37,NA,8,9,58,1,40,31,163,12,8,234,154,412,NA,12,5,37,1,2,27,16,NA,2,NA,5,9,4,NA,NA,NA,NA,NA,NA,NA,NA,NA,NA,1,NA,NA,4,2,NA,NA,11,1,2,NA,2,NA,NA,2,NA,NA,NA,NA,NA,NA,NA,4,NA,5,1,NA,NA,NA,1,NA,NA,NA,NA,NA,NA,NA,NA,NA,NA,NA,NA,NA,NA,NA,1,NA
2019-01-01,2339,435,560,727,284,21,21,NA,6,7,25,NA,38,14,1,1,116,11,5,116,15,12,7,70,3,4,92,NA,26,479,22,1,8,2,3,3,8,48,25,9,4,47,NA,2,22,NA,19,NA,12,15,181,86,2,22,11,5,1,NA,1,34,57,28,6,31,28,75,58,70,217,2,54,16,12,6,17,NA,15,48,1,35,16,NA,NA,11,110,5,NA,4,NA,104,7,8,48,28,11,6,36,1,12,27,121,9,17,NA,203,9,34,226,385,2,NA,3,2,86,202,125,94,57,NA,83,2,NA,3,3,21,32,1,NA,17,54,196,44,3,14,4,5,NA,34,33,NA,12,3,41,NA,28,9,191,11,7,146,142,330,1,10,5,42,NA,8,19,11,NA,1,1,3,17,7,NA,NA,NA,NA,NA,1,NA,NA,NA,NA,NA,NA,NA,1,1,1,NA,8,NA,NA,NA,2,1,NA,1,NA,NA,NA,NA,NA,NA,NA,4,NA,9,1,NA,NA,NA,1,NA,NA,NA,NA,NA,NA,NA,NA,NA,NA,NA,1,NA,NA,NA,NA,NA
2019-04-01,1926,462,615,480,279,25,31,1,8,4,22,3,33,17,11,NA,103,10,6,96,15,11,2,62,2,10,65,NA,19,326,15,NA,3,6,4,2,10,36,22,5,6,40,NA,3,28,NA,7,NA,4,11,126,73,3,27,14,6,2,NA,3,17,53,28,9,20,26,70,109,62,183,3,16,16,8,12,29,NA,11,35,NA,49,17,NA,NA,2,153,2,NA,10,4,77,2,8,37,31,7,2,40,2,13,31,108,13,5,1,170,23,35,255,267,2,NA,1,3,88,194,136,63,82,1,75,NA,NA,3,5,21,38,NA,NA,13,35,172,35,5,19,11,13,1,21,25,NA,5,3,36,NA,29,16,177,1,5,170,146,278,NA,9,1,37,1,9,17,14,NA,3,NA,3,17,2,NA,NA,NA,NA,NA,1,NA,NA,NA,NA,NA,NA,NA,NA,NA,1,NA,6,1,NA,NA,NA,NA,NA,NA,NA,NA,NA,NA,NA,NA,NA,10,NA,3,NA,NA,NA,NA,2,NA,NA,NA,NA,NA,NA,NA,NA,NA,NA,NA,NA,1,NA,NA,NA,NA
2019-07-01,2087,445,588,395,258,17,31,2,6,4,16,5,15,7,2,2,55,17,6,153,28,18,1,47,3,3,48,NA,22,322,19,NA,NA,6,8,1,7,24,29,3,3,35,1,7,24,NA,9,NA,10,14,163,70,1,27,13,8,1,NA,2,30,51,31,2,32,25,57,123,64,179,8,25,15,13,8,19,NA,10,53,1,36,14,NA,NA,8,108,3,NA,7,5,74,1,6,56,38,11,2,42,1,11,24,109,6,9,NA,202,21,36,295,202,3,NA,3,3,63,172,107,77,54,1,103,1,NA,3,7,13,20,2,NA,9,41,162,40,4,13,5,7,NA,30,35,1,9,1,35,NA,20,14,150,1,8,119,153,217,1,11,9,37,NA,6,15,17,NA,1,NA,6,11,1,NA,NA,NA,NA,NA,NA,NA,NA,NA,NA,NA,2,NA,NA,NA,NA,NA,9,NA,NA,NA,NA,NA,NA,NA,NA,NA,NA,NA,NA,NA,NA,12,NA,4,NA,NA,NA,NA,2,NA,NA,NA,NA,NA,NA,NA,NA,NA,NA,NA,NA,NA,NA,NA,NA,NA
2019-10-01,2401,441,729,506,291,26,28,NA,6,5,19,4,23,16,2,3,68,13,5,113,29,23,3,61,3,4,44,1,40,286,17,1,3,NA,4,NA,10,30,17,5,7,48,NA,2,38,NA,9,NA,29,34,137,125,1,19,12,5,NA,NA,2,18,32,46,NA,38,26,35,90,76,197,3,22,9,7,11,17,1,10,77,2,58,2,NA,1,1,115,2,1,2,NA,75,1,1,50,28,5,3,48,NA,6,18,129,7,8,NA,227,4,17,245,206,1,NA,NA,4,55,160,142,55,55,1,96,3,NA,NA,7,20,27,1,NA,11,32,205,30,2,17,6,12,1,25,36,NA,9,6,29,NA,33,14,130,NA,9,159,138,159,2,6,4,29,NA,4,11,10,1,1,NA,1,25,4,1,NA,NA,NA,NA,2,NA,NA,NA,NA,1,NA,NA,1,NA,NA,NA,9,NA,1,NA,1,NA,NA,NA,NA,NA,NA,NA,NA,NA,NA,8,NA,5,4,NA,NA,NA,1,NA,NA,NA,NA,NA,NA,NA,2,NA,NA,NA,NA,NA,NA,NA,NA,NA
2020-01-01,1734,346,538,451,206,28,31,NA,6,3,15,3,13,22,NA,3,63,9,19,81,7,15,1,48,2,1,35,NA,18,222,22,2,4,4,2,1,15,13,8,NA,5,26,NA,2,18,NA,5,NA,8,7,90,97,2,11,11,8,1,NA,1,6,32,28,7,30,4,42,86,87,143,1,37,7,15,NA,15,NA,8,60,2,25,12,NA,NA,2,95,5,1,4,2,52,7,4,30,34,7,3,32,NA,5,7,83,4,NA,1,163,10,20,170,214,3,NA,1,1,47,145,87,56,71,1,47,1,NA,NA,4,9,20,NA,NA,12,38,123,32,1,14,9,6,NA,11,17,NA,4,7,28,1,17,8,86,NA,3,93,103,152,NA,3,2,40,NA,1,10,3,1,1,1,6,42,3,1,NA,NA,NA,NA,1,NA,NA,NA,NA,NA,NA,NA,NA,NA,NA,NA,12,NA,NA,NA,NA,NA,NA,NA,NA,NA,NA,NA,NA,NA,NA,5,NA,6,1,NA,NA,NA,NA,NA,NA,NA,NA,NA,NA,NA,NA,NA,NA,1,NA,NA,NA,NA,NA,NA
2020-04-01,371,157,108,46,160,1,2,NA,NA,NA,1,NA,5,NA,NA,NA,6,NA,42,16,NA,NA,NA,36,NA,NA,11,1,1,28,NA,NA,NA,NA,3,NA,1,3,NA,NA,NA,4,NA,NA,2,NA,2,NA,NA,23,17,1,3,NA,NA,NA,NA,NA,NA,4,9,8,NA,4,12,NA,5,4,5,NA,NA,5,1,1,NA,NA,4,10,NA,NA,1,NA,NA,NA,7,NA,NA,2,NA,16,NA,NA,NA,1,6,NA,NA,NA,NA,NA,48,NA,NA,NA,5,NA,NA,31,25,NA,NA,NA,1,6,36,11,4,8,NA,17,NA,NA,1,NA,3,NA,NA,NA,3,1,12,8,NA,NA,NA,NA,NA,4,NA,NA,1,NA,1,NA,NA,NA,14,NA,NA,11,4,79,NA,NA,NA,1,NA,NA,1,3,NA,NA,NA,3,NA,NA,NA,NA,NA,NA,NA,NA,NA,NA,NA,NA,NA,NA,NA,NA,NA,NA,NA,NA,NA,NA,NA,NA,NA,NA,NA,NA,NA,NA,NA,NA,NA,NA,NA,NA,3,NA,NA,NA,NA,NA,NA,NA,NA,NA,NA,NA,NA,NA,NA,NA,NA,NA,NA,NA,NA,NA,NA
2020-07-01,1427,235,337,144,232,16,5,NA,NA,12,10,NA,3,5,6,2,35,7,17,41,NA,NA,NA,33,NA,2,25,NA,10,49,1,1,1,1,7,NA,7,21,8,NA,3,12,NA,1,8,1,9,NA,1,NA,76,11,2,21,2,NA,NA,NA,NA,2,17,26,2,4,17,35,36,43,103,3,11,5,2,4,1,NA,2,4,NA,29,7,NA,NA,1,120,NA,NA,3,NA,14,NA,2,10,14,3,3,13,NA,1,1,55,2,NA,NA,35,2,1,149,100,1,1,NA,NA,11,130,61,10,33,1,6,4,NA,1,NA,1,20,1,NA,3,5,117,3,NA,11,1,5,NA,17,4,NA,4,NA,1,NA,NA,3,107,NA,NA,58,52,121,NA,NA,NA,3,2,NA,3,4,1,2,NA,3,NA,NA,NA,NA,NA,NA,1,NA,NA,NA,NA,NA,NA,NA,NA,NA,NA,NA,NA,NA,NA,NA,NA,NA,NA,NA,NA,NA,NA,NA,NA,NA,NA,NA,10,NA,9,NA,NA,NA,NA,NA,NA,NA,NA,NA,NA,NA,NA,NA,NA,NA,NA,NA,NA,NA,NA,NA,NA
2020-10-01,1897,221,418,212,186,7,NA,NA,NA,8,9,1,6,7,NA,NA,25,7,6,59,1,2,1,32,NA,1,29,NA,18,95,8,1,3,1,2,NA,3,18,9,3,2,15,NA,2,12,NA,1,NA,4,1,59,49,NA,16,6,3,NA,1,NA,1,2,22,1,NA,9,37,25,15,118,NA,18,2,NA,2,12,NA,NA,3,NA,18,1,NA,NA,2,83,1,NA,NA,1,12,NA,2,5,15,4,2,7,NA,2,12,77,NA,NA,1,70,3,5,291,91,NA,NA,2,1,7,133,71,9,15,NA,3,3,NA,NA,3,3,15,1,NA,1,43,94,3,NA,10,3,1,1,18,3,NA,11,2,8,1,NA,NA,67,NA,2,50,27,82,NA,2,NA,11,NA,NA,9,NA,1,NA,NA,1,16,2,1,NA,NA,NA,NA,NA,NA,NA,NA,NA,NA,NA,NA,NA,NA,NA,NA,NA,NA,1,NA,NA,NA,NA,NA,NA,NA,NA,NA,1,NA,NA,4,NA,2,1,NA,NA,NA,NA,NA,NA,NA,NA,NA,NA,NA,NA,NA,NA,NA,NA,NA,NA,NA,NA,NA
2021-01-01,2226,315,145,191,24,11,NA,NA,NA,NA,4,4,6,1,NA,NA,24,9,3,44,4,4,NA,86,NA,2,13,NA,4,5,2,NA,1,NA,NA,NA,2,10,4,NA,1,16,NA,6,6,NA,3,NA,2,6,20,28,1,19,1,2,1,NA,NA,7,1,27,NA,2,1,28,38,15,71,NA,NA,6,NA,8,6,NA,1,NA,NA,27,4,NA,NA,1,83,NA,NA,3,1,4,NA,1,NA,13,12,NA,NA,2,4,8,65,3,NA,1,130,3,3,344,86,1,NA,NA,NA,4,79,17,14,13,NA,2,3,NA,NA,3,3,7,NA,NA,2,12,120,3,NA,5,NA,3,NA,10,3,NA,NA,4,5,1,1,NA,52,NA,5,35,13,79,NA,1,NA,NA,NA,NA,12,1,1,1,NA,NA,1,NA,NA,NA,NA,NA,NA,NA,NA,NA,NA,NA,NA,NA,NA,NA,NA,NA,NA,NA,NA,NA,NA,1,NA,NA,NA,NA,NA,NA,NA,NA,NA,NA,NA,NA,3,NA,NA,NA,NA,NA,NA,NA,NA,NA,NA,NA,NA,NA,NA,NA,NA,NA,NA,NA,NA,NA,NA
2021-04-01,2676,507,122,258,331,8,2,NA,1,1,3,1,15,5,NA,1,31,8,6,83,NA,2,1,141,NA,NA,26,NA,8,27,4,NA,1,1,5,1,6,17,18,NA,1,27,NA,3,24,NA,24,NA,1,5,81,46,1,54,NA,2,NA,NA,1,13,20,41,1,6,32,27,24,69,155,2,19,5,6,3,2,NA,5,20,2,33,6,NA,1,1,71,NA,NA,11,3,7,NA,2,5,16,14,NA,14,NA,2,1,199,4,1,NA,117,5,1,409,59,NA,NA,1,1,9,144,122,75,37,NA,32,2,NA,NA,NA,22,12,NA,NA,3,23,222,27,NA,7,2,5,NA,12,17,1,5,3,23,NA,2,6,152,NA,4,78,58,135,NA,1,1,42,NA,NA,4,7,NA,1,NA,4,4,NA,NA,NA,NA,NA,1,NA,NA,NA,NA,NA,NA,NA,NA,NA,NA,1,NA,NA,NA,1,NA,1,NA,NA,NA,NA,NA,NA,NA,NA,NA,NA,4,NA,8,NA,NA,NA,NA,NA,NA,NA,NA,NA,NA,NA,NA,NA,NA,NA,NA,NA,NA,NA,NA,NA,2
2021-07-01,2294,1074,157,336,357,10,4,NA,5,13,3,NA,17,20,1,NA,17,14,NA,97,2,5,3,294,1,6,55,NA,3,36,2,1,1,1,9,NA,5,32,43,NA,2,20,NA,4,18,NA,14,NA,2,4,129,40,3,76,7,3,3,NA,1,21,11,65,3,7,14,43,44,39,186,1,22,8,15,6,12,NA,6,55,1,43,5,NA,1,1,88,4,NA,3,2,16,1,NA,15,15,42,1,27,1,3,7,137,7,6,NA,104,17,2,481,94,NA,NA,NA,2,19,153,139,83,31,NA,68,4,NA,1,4,16,49,1,NA,4,26,215,28,NA,8,3,8,NA,25,19,NA,11,NA,26,NA,4,13,112,NA,3,80,86,176,1,4,NA,21,NA,NA,30,10,2,NA,1,NA,10,NA,NA,NA,NA,NA,NA,1,NA,NA,NA,NA,NA,NA,NA,NA,NA,NA,NA,2,NA,NA,NA,NA,NA,NA,NA,NA,NA,NA,NA,NA,NA,NA,5,NA,19,NA,NA,NA,NA,1,NA,NA,NA,NA,NA,NA,NA,NA,1,NA,NA,NA,NA,NA,NA,NA,3
2021-10-01,1982,995,323,376,340,1,21,NA,1,10,4,1,25,14,5,2,35,8,2,112,8,10,1,287,NA,2,39,NA,6,23,9,NA,3,6,13,5,7,20,50,NA,3,31,NA,NA,17,NA,29,NA,1,4,125,36,1,48,15,2,NA,NA,1,32,25,65,3,7,9,28,75,38,180,4,9,4,15,5,17,NA,3,46,NA,20,9,NA,1,5,92,3,NA,2,8,13,1,2,32,15,44,1,5,NA,4,7,140,1,3,NA,107,8,8,435,84,2,NA,NA,NA,20,173,219,74,35,NA,46,3,NA,NA,2,13,52,NA,NA,5,19,199,29,4,12,10,2,NA,56,62,1,3,3,17,NA,3,3,127,1,3,94,119,103,1,6,NA,14,NA,1,10,16,1,NA,NA,NA,45,NA,NA,NA,NA,NA,NA,2,NA,NA,NA,NA,NA,NA,NA,NA,NA,NA,NA,NA,NA,NA,NA,NA,NA,NA,NA,NA,NA,NA,NA,NA,NA,NA,7,NA,1,NA,NA,NA,NA,1,NA,NA,NA,NA,NA,NA,NA,NA,NA,NA,NA,NA,NA,NA,NA,NA,1
2022-01-01,2048,1020,503,443,408,NA,32,NA,2,5,7,2,15,12,6,1,36,7,3,105,5,19,NA,251,NA,NA,33,1,10,24,4,1,1,4,5,2,6,19,36,2,2,28,NA,1,15,1,33,1,4,5,113,65,2,57,12,4,1,NA,1,26,NA,44,2,5,19,59,73,24,160,NA,10,12,11,1,9,NA,2,92,NA,33,4,NA,NA,8,93,6,NA,2,1,14,1,2,11,30,28,1,24,NA,6,19,153,5,6,1,126,15,3,511,84,1,NA,2,4,18,189,226,82,21,1,51,5,NA,NA,1,38,28,1,NA,4,19,218,29,2,10,12,3,NA,26,94,NA,7,1,31,NA,10,6,117,NA,1,24,123,86,1,12,1,81,NA,1,31,20,NA,NA,1,3,33,7,NA,NA,NA,NA,NA,NA,NA,1,NA,NA,NA,NA,NA,NA,NA,NA,NA,NA,1,NA,NA,NA,NA,NA,NA,NA,NA,NA,NA,NA,1,NA,5,NA,2,NA,NA,NA,NA,2,NA,NA,NA,NA,NA,NA,NA,NA,NA,NA,NA,NA,NA,NA,NA,NA,1
2022-04-01,2043,846,546,414,364,2,16,1,2,2,7,NA,8,19,NA,NA,23,6,1,86,6,20,1,248,2,4,53,NA,12,13,15,1,NA,2,6,2,11,24,14,3,NA,37,NA,1,14,NA,15,NA,6,5,174,47,1,62,9,3,3,1,NA,27,39,44,3,6,22,52,55,41,158,1,20,10,13,6,7,NA,6,114,NA,30,4,NA,NA,8,114,5,NA,5,1,61,NA,NA,25,52,11,NA,18,NA,1,8,170,NA,2,NA,84,39,7,475,69,1,2,NA,1,22,191,322,81,7,2,60,1,NA,NA,1,34,32,2,3,2,20,240,21,2,4,8,4,NA,37,88,NA,4,NA,32,NA,7,7,176,NA,NA,NA,108,119,1,14,2,49,NA,1,9,33,NA,1,NA,4,49,3,NA,NA,NA,1,1,NA,NA,NA,NA,NA,NA,NA,NA,NA,NA,NA,NA,7,NA,1,NA,NA,NA,NA,NA,NA,NA,NA,NA,NA,1,NA,7,NA,4,NA,NA,NA,NA,3,NA,NA,NA,NA,NA,NA,NA,NA,NA,NA,NA,NA,NA,NA,NA,NA,2
2022-07-01,2175,833,536,486,492,4,25,NA,1,7,9,NA,11,6,5,NA,29,11,NA,137,13,10,NA,263,3,NA,36,NA,7,68,12,NA,1,1,6,4,9,27,43,2,1,31,NA,5,21,4,22,NA,7,10,140,37,NA,65,4,1,1,1,NA,39,141,49,5,17,22,80,102,40,189,2,11,4,20,4,18,NA,7,76,1,40,7,NA,NA,6,102,10,1,9,1,49,NA,8,15,40,16,2,35,NA,9,9,161,NA,5,NA,68,34,7,530,81,NA,NA,NA,NA,18,164,520,135,4,1,97,2,NA,NA,1,24,44,1,NA,6,31,302,13,3,7,6,5,NA,49,83,NA,4,1,39,NA,22,5,210,NA,1,NA,137,120,NA,21,1,49,NA,5,13,30,NA,1,1,1,59,3,NA,NA,NA,NA,5,NA,NA,NA,NA,NA,NA,NA,NA,1,NA,NA,NA,4,NA,NA,NA,NA,NA,NA,NA,NA,NA,NA,NA,NA,NA,NA,11,NA,8,NA,NA,NA,NA,3,NA,NA,NA,NA,NA,NA,NA,NA,1,NA,NA,NA,NA,NA,NA,NA,1
2022-10-01,2070,816,604,571,614,5,30,NA,1,3,8,1,7,15,1,NA,35,5,NA,123,20,27,2,260,1,3,31,NA,8,191,38,NA,4,7,5,2,18,21,30,NA,3,42,NA,2,25,NA,18,NA,3,5,241,36,1,56,3,1,1,1,4,43,78,44,5,12,14,69,105,72,199,NA,8,7,9,11,22,NA,3,68,2,52,14,NA,NA,9,93,6,1,3,NA,32,NA,2,14,39,22,1,30,NA,9,15,244,2,16,NA,98,23,13,106,95,2,NA,NA,7,24,175,615,139,7,2,60,3,NA,NA,2,19,50,1,NA,4,27,318,30,3,18,10,7,2,34,149,1,4,3,31,1,15,15,200,NA,2,5,178,122,NA,42,7,57,NA,1,5,58,NA,1,1,1,31,8,1,NA,NA,NA,7,NA,NA,NA,NA,NA,NA,NA,NA,NA,NA,NA,NA,6,NA,NA,NA,NA,NA,NA,NA,NA,NA,NA,NA,NA,NA,NA,20,NA,7,NA,NA,2,NA,4,NA,NA,NA,NA,NA,NA,NA,NA,NA,NA,NA,NA,NA,NA,NA,NA,6
